Date,weak_alpha_return
2013-01-08,-0.0027393610254009774
2013-01-09,0.0031473102667617333
2013-01-10,0.006524303933288066
2013-01-11,0.0001473163838705444
2013-01-14,-6.846250026237773e-05
2013-01-15,0.0019986465204595
2013-01-16,-0.0014812144768467778
2013-01-17,0.006483498949262066
2013-01-18,0.004557198958930267
2013-01-22,0.0054879923882941
2013-01-23,-0.00021286158622775564
2013-01-24,0.0023542043172271776
2013-01-25,0.005558908898382377
2013-01-28,-0.002116893154386755
2013-01-29,0.005390186080004599
2013-01-30,-0.0036858324940225885
2013-01-31,-0.0023650663822758775
2013-02-01,0.008930865727902111
2013-02-04,-0.010205546409182167
2013-02-05,0.008964312207052844
2013-02-06,0.0010647244154614777
2013-02-07,-0.0012365903813286333
2013-02-08,0.004958609032268155
2013-02-11,-0.0003771591544719888
2013-02-12,0.0020332736773934997
2013-02-13,0.0013878034888704666
2013-02-14,0.00044450611068971125
2013-02-15,-0.001042980140434089
2013-02-19,0.006626965591381966
2013-02-20,-0.012909083020860744
2013-02-21,-0.005960923217207577
2013-02-22,0.009146573060920166
2013-02-25,-0.01777969179416702
2013-02-26,0.006161765321306844
2013-02-27,0.013188302204103556
2013-02-28,0.0002540091487803666
2013-03-01,0.002206965087672322
2013-03-04,0.004523534993617889
2013-03-05,0.008553588597734144
2013-03-06,0.0015932725020236886
2013-03-07,0.0016397500922728887
2013-03-08,0.004824219397509466
2013-03-11,0.0033822131643693105
2013-03-12,-0.0016589881297888666
2013-03-13,0.0016539965061356445
2013-03-14,0.005088287962990855
2013-03-15,-0.00041356370414646676
2013-03-18,-0.0059333739906017886
2013-03-19,-0.0020566336568566997
2013-03-20,0.006983548964289777
2013-03-21,-0.008614852020954676
2013-03-22,0.006682946442396877
2013-03-25,-0.0036568072654075442
2013-03-26,0.00788836959585801
2013-03-27,0.0005366552865048222
2013-03-28,0.0046124900895937
2013-04-01,-0.0046886704401071224
2013-04-02,0.0031665923402065216
2013-04-03,-0.009608310797005944
2013-04-04,0.005112462199212743
2013-04-05,-0.003148040055296666
2013-04-08,0.006808108446074389
2013-04-09,0.003301503379454544
2013-04-10,0.011208745422188778
2013-04-11,0.003912997206223566
2013-04-12,-0.0032797260876478106
2013-04-15,-0.024494921191377757
2013-04-16,0.0146190194777327
2013-04-17,-0.01348718855136552
2013-04-18,-0.004637856648858934
2013-04-19,0.00963711783476831
2013-04-22,0.004674315044967499
2013-04-23,0.009225493534909753
2013-04-24,0.001910417311355066
2013-04-25,0.004680780666829711
2013-04-26,-0.0029765101591938004
2013-04-29,0.0074578601166945995
2013-04-30,0.0016850365905459997
2013-05-01,-0.010339631042722777
2013-05-02,0.008613157280750666
2013-05-03,0.010523505265757143
2013-05-06,0.0007671169566223666
2013-05-07,0.006658318079164545
2013-05-08,0.0032182296482008116
2013-05-09,-0.003477663658610822
2013-05-10,0.0030765104542141448
2013-05-13,-0.0006352873810355333
2013-05-14,0.010911101055407768
2013-05-15,0.0054814879862158565
2013-05-16,-0.005763807193072989
2013-05-17,0.010248358350681778
2013-05-20,-0.0005609279298932443
2013-05-21,0.0017618263923638554
2013-05-22,-0.009271435077651689
2013-05-23,-0.0023950175943665444
2013-05-24,-0.0022578182864937887
2013-05-28,0.005525480022814211
2013-05-29,-0.008174306801058054
2013-05-30,0.0034528792618313993
2013-05-31,-0.014393402440847379
2013-06-03,0.005389640096154267
2013-06-04,-0.004556019108635512
2013-06-05,-0.014455601795311912
2013-06-06,0.008634780714613825
2013-06-07,0.012580983983129991
2013-06-10,-1.9199611135333386e-05
2013-06-11,-0.009793510225782856
2013-06-12,-0.007930594719490857
2013-06-13,0.015704243448125255
2013-06-14,-0.005576271055426522
2013-06-17,0.007718171108646644
2013-06-18,0.007270557513501588
2013-06-19,-0.014141997439671698
2013-06-20,-0.02574924273473449
2013-06-21,0.0035405901701659553
2013-06-24,-0.011104348919902267
2013-06-25,0.009543423549693522
2013-06-26,0.009615734863938089
2013-06-27,0.005329264956387722
2013-06-28,-0.003761397595130977
2013-07-01,0.003972765635905889
2013-07-02,-0.0009262699256891109
2013-07-03,2.235776879577789e-05
2013-07-05,0.009262589532072579
2013-07-08,0.0067981610113896
2013-07-09,0.00816398977560269
2013-07-10,0.0005569010585304666
2013-07-11,0.01394513561179308
2013-07-12,0.0019774871155698887
2013-07-15,0.0031919419678720887
2013-07-16,-0.004710875923458044
2013-07-17,0.002950096707226522
2013-07-18,0.005844965434576344
2013-07-19,0.003626815551665956
2013-07-22,0.0010158345011696444
2013-07-23,-0.0009153139134166667
2013-07-24,-0.0061502526417539
2013-07-25,0.004335309060574511
2013-07-26,0.0004888136721664556
2013-07-29,-0.0025195788025332666
2013-07-30,0.0004887593603823221
2013-07-31,-0.00016713236763658894
2013-08-01,0.011769898356183911
2013-08-02,0.001533819103246689
2013-08-05,-0.0020111029672805333
2013-08-06,-0.005816506805247543
2013-08-07,-0.002448158030936333
2013-08-08,0.005139904558143466
2013-08-09,-0.0028568195453784998
2013-08-12,-0.0017139780002216444
2013-08-13,0.002297210073563544
2013-08-14,-0.0056584790061849554
2013-08-15,-0.013097970307143054
2013-08-16,-0.004353221824054889
2013-08-19,-0.006741280717803722
2013-08-20,0.005275340210839156
2013-08-21,-0.007000333623305612
2013-08-22,0.009213750958499313
2013-08-23,0.004501196419460344
2013-08-26,-0.0038728042608459777
2013-08-27,-0.013767240893966122
2013-08-28,0.0025911385753093225
2013-08-29,0.0010913731398334002
2013-08-30,-0.0025889242339268885
2013-09-03,0.003350907902809378
2013-09-04,0.007820928990093621
2013-09-05,0.0007636885439665888
2013-09-06,0.0008505862239579556
2013-09-09,0.009774895014497333
2013-09-10,0.0074166900004002554
2013-09-11,0.002853648142434566
2013-09-12,-0.003691735074440611
2013-09-13,0.003776972471199511
2013-09-16,0.006497320271297301
2013-09-17,0.0035021953617318884
2013-09-18,0.014285056747893087
2013-09-19,-0.0020676082775543335
2013-09-20,-0.008270552396914835
2013-09-23,-0.0037540340936996004
2013-09-24,-0.0015848940304598778
2013-09-25,-0.0030370117290731556
2013-09-26,0.0037231981490556338
2013-09-27,-0.004869684169875489
2013-09-30,-0.005321689837901077
2013-10-01,0.0069337008408755655
2013-10-02,-0.00042961739655095535
2013-10-03,-0.009020979212112843
2013-10-04,0.007465718057161389
2013-10-07,-0.008504580299044412
2013-10-08,-0.009965215580612002
2013-10-09,0.00036473128155252226
2013-10-10,0.021221350685761496
2013-10-11,0.006256275552630433
2013-10-14,0.003607129196777722
2013-10-15,-0.008022092017018121
2013-10-16,0.01327380044915701
2013-10-17,0.0083353242762003
2013-10-18,0.005558305977847344
2013-10-21,-0.0006119119581034558
2013-10-22,0.0077539366764897005
2013-10-23,-0.004477506218890479
2013-10-24,0.003014427820050456
2013-10-25,0.005037602664228278
2013-10-28,0.0008725673459305109
2013-10-29,0.00486958819837131
2013-10-30,-0.0054011860745788775
2013-10-31,-0.0032100597339643883
2013-11-01,0.0026722007270854335
2013-11-04,0.003530927757800689
2013-11-05,-0.0034522987302795893
2013-11-06,0.005261286066861511
2013-11-07,-0.012995344402405634
2013-11-08,0.012536918307800125
2013-11-11,0.0003295735714041667
2013-11-12,-0.0031164868892744556
2013-11-13,0.008010082896292878
2013-11-14,0.006175009556385378
2013-11-15,0.0042647343201793215
2013-11-18,-0.003675335913287122
2013-11-19,-0.0027783011347891663
2013-11-20,-0.0042641219046119115
2013-11-21,0.007460138715119832
2013-11-22,0.005031976835061912
2013-11-25,-0.0018565375769737111
2013-11-26,-0.0009158975308170113
2013-11-27,0.0011797940781414665
2013-11-29,-0.0007985181280907
2013-12-02,-0.0026119400282286443
2013-12-03,-0.0037870019027159228
2013-12-04,-0.00031915019772528903
2013-12-05,-0.004350263319166556
2013-12-06,0.011292588844116101
2013-12-09,0.0016951033517743001
2013-12-10,-0.003317383851714133
2013-12-11,-0.011400236349461891
2013-12-12,-0.0029089418512613778
2013-12-13,0.00025151281762794437
2013-12-16,0.005754420857229734
2013-12-17,-0.0022716780999066
2013-12-18,0.016060993543950148
2013-12-19,-0.0006943359428642112
2013-12-20,0.005613688802150832
2013-12-23,0.0034398516650925005
2013-12-24,0.0034906380264424558
2013-12-26,0.004305231186392522
2013-12-27,0.0006949321247372
2013-12-30,-1.6321018269733428e-05
2013-12-31,0.0040645222015642446
2014-01-02,-0.009925354937239166
2014-01-03,-0.0007439588483227111
2014-01-06,-0.0025766290604270336
2014-01-07,0.005833920777266167
2014-01-08,-0.0007010379617926886
2014-01-09,0.0014878984902758552
2014-01-10,0.003140583287257189
2014-01-13,-0.01282039072026799
2014-01-14,0.010056058255054389
2014-01-15,0.003812270167328145
2014-01-16,-0.00011741646144121123
2014-01-17,-0.003475945221896145
2014-01-21,0.0045518019765343
2014-01-22,0.0002029912729372335
2014-01-23,-0.009124985404224224
2014-01-24,-0.020416169530280748
2014-01-27,-0.003995407654900856
2014-01-28,0.0068732390931503335
2014-01-29,-0.008326255665462056
2014-01-30,0.010690221729224
2014-01-31,-0.005920215694015577
2014-02-03,-0.021179326448819324
2014-02-04,0.006717916879569766
2014-02-05,-0.0018998038528960219
2014-02-06,0.012785328892004054
2014-02-07,0.012466769505643512
2014-02-10,0.0017466774402853332
2014-02-11,0.011149263445778379
2014-02-12,0.00037726133831854456
2014-02-13,0.0056950882025434335
2014-02-14,0.005873737309597689
2014-02-18,0.001672483201511411
2014-02-19,-0.006030900209161244
2014-02-20,0.0065751501651424545
2014-02-21,-0.0013500715854470552
2014-02-24,0.004808301438783323
2014-02-25,-0.00019260551357368886
2014-02-26,0.0003499576561056334
2014-02-27,0.004426736327573833
2014-02-28,0.003833083580341422
2014-03-03,-0.007351016201153645
2014-03-04,0.014107395842651034
2014-03-05,-0.00023601425130057756
2014-03-06,0.001372374526214456
2014-03-07,0.00045438930436188913
2014-03-10,-0.0005349651977949333
2014-03-11,-0.0054163539728733666
2014-03-12,0.0011833067140868002
2014-03-13,-0.008477731205938956
2014-03-14,-0.0018543181416062445
2014-03-17,0.008549489421103467
2014-03-18,0.005914151832107443
2014-03-19,-0.007154585791859221
2014-03-20,0.005778903075045211
2014-03-21,-0.0026401463585718358
2014-03-24,-0.0037654974501475005
2014-03-25,0.004795891682671189
2014-03-26,-0.0073122952031679
2014-03-27,-0.0005215251751103112
2014-03-28,0.004727617553659544
2014-03-31,0.008806044631946812
2014-04-01,0.004861233233939644
2014-04-02,0.0035067930719637555
2014-04-03,-2.0212059144444464e-05
2014-04-04,-0.0097659969030574
2014-04-07,-0.010997144710251256
2014-04-08,0.005059470983240054
2014-04-09,0.009885757900467565
2014-04-10,-0.01909310804593501
2014-04-11,-0.008594762218765867
2014-04-14,0.008081660442605379
2014-04-15,0.007689635087088945
2014-04-16,0.0106354636667134
2014-04-17,0.0010575288939957332
2014-04-21,0.002967618197938767
2014-04-22,0.0037846260513694115
2014-04-23,-0.001110015056975978
2014-04-24,0.0017809710798851889
2014-04-25,-0.006157966988262821
2014-04-28,0.002366623838786945
2014-04-29,0.0036578720267517895
2014-04-30,0.003125018078241333
2014-05-01,0.00014994572668568883
2014-05-02,-0.0028304387923080558
2014-05-05,0.0030628018732775115
2014-05-06,-0.007864340325333613
2014-05-07,0.007365989275652734
2014-05-08,-0.002772098896267278
2014-05-09,0.00023302613580473383
2014-05-12,0.008071916577747267
2014-05-13,0.0010017973020879335
2014-05-14,-0.0032774412866611
2014-05-15,-0.009080471950310656
2014-05-16,0.0033467243632420447
2014-05-19,0.0017907271749007
2014-05-20,-0.005804825568037555
2014-05-21,0.007279337442810711
2014-05-22,0.003061717168087011
2014-05-23,0.003560732959944423
2014-05-27,0.005160088088513511
2014-05-28,-0.00010579223864216672
2014-05-29,0.0059604979722169
2014-05-30,0.0021837950374041003
2014-06-02,0.0011319134849699002
2014-06-03,9.161122590677827e-06
2014-06-04,0.001807120604816189
2014-06-05,0.006291912493679422
2014-06-06,0.004252316521931078
2014-06-09,-0.00017870218732645557
2014-06-10,-0.00038100305084672227
2014-06-11,-0.0041750407701592225
2014-06-12,-0.0061359940527099
2014-06-13,0.0032159797692194662
2014-06-16,0.0014113632860820223
2014-06-17,0.0020789238855308443
2014-06-18,0.009452259838682867
2014-06-19,0.0021557966392555888
2014-06-20,0.0019473205074715227
2014-06-23,-0.0008132414855934443
2014-06-24,-0.006071723606823379
2014-06-25,0.004750092330474756
2014-06-26,-0.00032660838688291106
2014-06-27,0.0016503782023983113
2014-06-30,0.00023096781555274445
2014-07-01,0.004560258157414967
2014-07-02,-0.0010432225227128443
2014-07-03,0.004125618949604666
2014-07-07,-0.003770692914374211
2014-07-08,-0.004784177137520378
2014-07-09,0.0041409670480565776
2014-07-10,-0.003784815082036033
2014-07-11,0.0006578533564535
2014-07-14,0.0028101298814677995
2014-07-15,-0.0017958684173678666
2014-07-16,0.0040565087916049
2014-07-17,-0.010855846071154421
2014-07-18,0.009662393966807056
2014-07-21,-0.002219244843264356
2014-07-22,0.003627047799613567
2014-07-23,0.0019431186726956778
2014-07-24,0.00024231425216485566
2014-07-25,-0.004646094853176878
2014-07-28,0.0010057778287625113
2014-07-29,-0.0050287444661697555
2014-07-30,-0.0025238855494116004
2014-07-31,-0.019182476625448436
2014-08-01,-0.0014855078588764115
2014-08-04,0.006602843670173233
2014-08-05,-0.010109065463562989
2014-08-06,-7.075082416571104e-05
2014-08-07,-0.004168048837672933
2014-08-08,0.012803098578779589
2014-08-11,0.001821109764927722
2014-08-12,-0.001049883713493811
2014-08-13,0.0062155463160916994
2014-08-14,0.004327548363657566
2014-08-15,0.0008595556339633779
2014-08-18,0.007596489300241056
2014-08-19,0.0056176783481302894
2014-08-20,0.002527197310802978
2014-08-21,0.0021935312996289777
2014-08-22,-0.002218963705631456
2014-08-25,0.0054577231545792785
2014-08-26,-0.00037742043038157787
2014-08-27,0.0007326048595532001
2014-08-28,0.0001232324850944332
2014-08-29,0.002903194238836256
2014-09-02,-0.0017488133581996558
2014-09-03,0.0003657017862023557
2014-09-04,-0.0012616163840816
2014-09-05,0.005455846403364279
2014-09-08,-0.003995355264000812
2014-09-09,-0.006631235685822735
2014-09-10,0.002274048604193289
2014-09-11,0.0012141851509713556
2014-09-12,-0.007012787868846178
2014-09-15,0.00032179380293805563
2014-09-16,0.008124153800324376
2014-09-17,0.0007705539923282111
2014-09-18,0.0031803731261826444
2014-09-19,0.0006958765042283332
2014-09-22,-0.007607782691135833
2014-09-23,-0.005716969359361289
2014-09-24,0.007411965087001187
2014-09-25,-0.014975685317724922
2014-09-26,0.007902034085019822
2014-09-29,-0.0014175549674712222
2014-09-30,-0.003754284739382844
2014-10-01,-0.012753520775956444
2014-10-02,-0.00042530494511741114
2014-10-03,0.00990224809945179
2014-10-06,-0.0016056008075756335
2014-10-07,-0.013942980884957
2014-10-08,0.017439655635344234
2014-10-09,-0.021309899142300557
2014-10-10,-0.009215421966804657
2014-10-13,-0.016742191234018013
2014-10-14,0.002054348891343522
2014-10-15,-0.006181903418603245
2014-10-16,0.0020834682989389
2014-10-17,0.012360386156372466
2014-10-20,0.010461614411001777
2014-10-21,0.018450991401789088
2014-10-22,-0.0065810113118405875
2014-10-23,0.010285146546687565
2014-10-24,0.006932216254242989
2014-10-27,-0.004090915628699522
2014-10-28,0.011561497928941776
2014-10-29,-0.002341057128354989
2014-10-30,0.007795857484833778
2014-10-31,0.010711829871177962
2014-11-03,-0.0004968188616786002
2014-11-04,-0.004794730039312907
2014-11-05,0.008376364203504292
2014-11-06,0.0035574012984297904
2014-11-07,0.002380687879538405
2014-11-10,0.002851960622665648
2014-11-11,0.0006984853125109585
2014-11-12,-0.00201362778420917
2014-11-13,-0.0011154386886391538
2014-11-14,0.0004466225329007614
2014-11-17,0.001646039560469583
2014-11-18,0.005729060451070044
2014-11-19,-0.0006438198036385172
2014-11-20,0.002111601999421682
2014-11-21,0.006289600523579531
2014-11-24,0.0008612892838325985
2014-11-25,-0.0013317162287143443
2014-11-26,0.0012761081528840476
2014-11-28,-0.005345183507496857
2014-12-01,-0.006215078267430169
2014-12-02,0.006687216828156738
2014-12-03,0.004638319488404831
2014-12-04,-0.0014439598992099889
2014-12-05,0.001773424249592447
2014-12-08,-0.004385662047097908
2014-12-09,-0.00046797754309236455
2014-12-10,-0.015324227809975709
2014-12-11,0.004863712205616867
2014-12-12,-0.015601107599233513
2014-12-15,-0.007035241473989484
2014-12-16,-0.0074854407600561754
2014-12-17,0.019270739084731047
2014-12-18,0.023046568871937463
2014-12-19,0.004006927641811554
2014-12-22,0.0035357465697356837
2014-12-23,-0.0001540524793217442
2014-12-24,0.002383873773133676
2014-12-26,0.0043451019750777005
2014-12-29,0.0025903401856527944
2014-12-30,-0.006360962537133717
2014-12-31,-0.01061860727338949
2015-01-02,4.7430616100107446e-05
2015-01-05,-0.015974665200571135
2015-01-06,-0.007662856466559858
2015-01-07,0.013508777546105449
2015-01-08,0.017059557108690726
2015-01-09,-0.008438823434888864
2015-01-12,-0.005226789569296907
2015-01-13,-0.002724906986320597
2015-01-14,-0.00504571089706114
2015-01-15,-0.006356907182146295
2015-01-16,0.012882023383955037
2015-01-20,0.0015642722271301446
2015-01-21,0.005811247615639219
2015-01-22,0.012909159811515173
2015-01-23,-0.0062747009692947255
2015-01-26,0.002679842925423651
2015-01-27,-0.010030031716720489
2015-01-28,-0.01284334425133123
2015-01-29,0.01030725595292298
2015-01-30,-0.0138089528443922
2015-02-02,0.010400679397067984
2015-02-03,0.01326384052995831
2015-02-04,-0.005105623710291534
2015-02-05,0.011744588300324656
2015-02-06,-0.006963279982149334
2015-02-09,-0.005606101254022639
2015-02-10,0.012122764573654042
2015-02-11,-0.0015926707392509704
2015-02-12,0.007975659957505125
2015-02-13,0.0019358750825975107
2015-02-17,0.0018474025988008673
2015-02-18,0.0033763371110184237
2015-02-19,-0.0010160708270698655
2015-02-20,0.005647263999165937
2015-02-23,0.000912123694512846
2015-02-24,0.0033730709471165507
2015-02-25,-0.002503689498643602
2015-02-26,-0.0017442291891306223
2015-02-27,-0.002453853458920085
2015-03-02,0.004358148512413556
2015-03-03,-0.004036069329222947
2015-03-04,-0.00347103829940993
2015-03-05,0.001761518336151021
2015-03-06,-0.01633472357321572
2015-03-09,0.0046386378681681
2015-03-10,-0.014463090181189705
2015-03-11,-0.0024680434297995285
2015-03-12,0.014284900964025373
2015-03-13,-0.00683806536477909
2015-03-16,0.01357796996070971
2015-03-17,-0.004171810402513343
2015-03-18,0.013260081161512277
2015-03-19,-0.005082574268651693
2015-03-20,0.009036652410675784
2015-03-23,-0.0021402350280117265
2015-03-24,-0.006323503236659765
2015-03-25,-0.014238721492155233
2015-03-26,-0.002654758313653446
2015-03-27,0.003355789325964997
2015-03-30,0.012264511183372745
2015-03-31,-0.009129915144600558
2015-04-01,-0.0028566060277335605
2015-04-02,0.0032942558138831612
2015-04-06,0.006788650347572198
2015-04-07,-0.00321166456821123
2015-04-08,0.003722554684321517
2015-04-09,0.003208737743738062
2015-04-10,0.005439254607216886
2015-04-13,-0.004964547833892719
2015-04-14,0.001873836336815205
2015-04-15,0.0038526538477641173
2015-04-16,-0.000965416807918465
2015-04-17,-0.010349156748452732
2015-04-20,0.009028745813246315
2015-04-21,-0.0012897571498282875
2015-04-22,0.0035226321473214345
2015-04-23,0.002527019806647454
2015-04-24,0.003102301811744043
2015-04-27,-0.005589518658005151
2015-04-28,0.0029718723128481857
2015-04-29,-0.004930323389995512
2015-04-30,-0.009761962903879576
2015-05-01,0.011384595568015493
2015-05-04,0.003422931831401609
2015-05-05,-0.012793935483038896
2015-05-06,-0.0031099152085228093
2015-05-07,0.004488345426604065
2015-05-08,0.012789262460449301
2015-05-11,-0.003765192679288067
2015-05-12,-0.003952007530947363
2015-05-13,-0.0010905893762300828
2015-05-14,0.011190700922349885
2015-05-15,0.002802094918825371
2015-05-18,0.0025371386096117218
2015-05-19,-0.00011900333799298753
2015-05-20,-0.0005984245743662544
2015-05-21,0.0021633616410919156
2015-05-22,-0.00207015871851514
2015-05-26,-0.01025872584863095
2015-05-27,0.008901332495638169
2015-05-28,-0.0006976392701336082
2015-05-29,-0.00578426747714748
2015-06-01,0.0020972906199777175
2015-06-02,-0.0020346152006792753
2015-06-03,0.0011455827578471262
2015-06-04,-0.008046997572242637
2015-06-05,-0.0033142837787533816
2015-06-08,-0.005737600046369043
2015-06-09,0.00015859191263941622
2015-06-10,0.011086010694969358
2015-06-11,0.003779076782008585
2015-06-12,-0.007410959194973422
2015-06-15,-0.004139042197360608
2015-06-16,0.005632339148915987
2015-06-17,0.002831280379651669
2015-06-18,0.010790056809703925
2015-06-19,-0.0061168368785511715
2015-06-22,0.006483143397563077
2015-06-23,-0.0013541754236274595
2015-06-24,-0.008152545694362207
2015-06-25,-0.002167054436100712
2015-06-26,0.0003632893508023252
2015-06-29,-0.01981470635736134
2015-06-30,0.0018279805056689042
2015-07-01,0.008636079273572036
2015-07-02,-0.0005576953434763327
2015-07-06,-0.002592205772010665
2015-07-07,0.008127030614365547
2015-07-08,-0.01604611605703097
2015-07-09,0.001558552241791858
2015-07-10,0.012070782781976076
2015-07-13,0.010022719857568727
2015-07-14,0.0039181129557876605
2015-07-15,-0.0005274450006682848
2015-07-16,0.007160634388428883
2015-07-17,-0.0015455185481411445
2015-07-20,-0.0002868363530347526
2015-07-21,-0.005195432756339572
2015-07-22,-0.00047869313761894974
2015-07-23,-0.007289762156585015
2015-07-24,-0.011433758176516824
2015-07-27,-0.0036744033245729156
2015-07-28,0.012896647206592778
2015-07-29,0.006692380795801289
2015-07-30,0.0010240230713686326
2015-07-31,0.0010170450335849604
2015-08-03,-0.0025721139410506866
2015-08-04,-0.0019224322025633584
2015-08-05,0.004117487890822902
2015-08-06,-0.007889374147830499
2015-08-07,-0.001999877420698295
2015-08-10,0.011097470549494578
2015-08-11,-0.008488992244024203
2015-08-12,0.0021691026279040985
2015-08-13,-0.0009881204270581173
2015-08-14,0.004292454370149179
2015-08-17,0.005739457261411061
2015-08-18,-0.0027027488543182304
2015-08-19,-0.006532194367293188
2015-08-20,-0.019391091852670635
2015-08-21,-0.028864689836730698
2015-08-24,-0.04000514598966554
2015-08-25,-0.012624373994110106
2015-08-26,0.0348805533459344
2015-08-27,0.022821338634285645
2015-08-28,-0.0005218761700636703
2015-08-31,-0.010125824019976585
2015-09-01,-0.027707536051182247
2015-09-02,0.016406192055397704
2015-09-03,0.0014865071915491918
2015-09-04,-0.01508352179868696
2015-09-08,0.024880387066617726
2015-09-09,-0.012952530515544375
2015-09-10,0.004311931739948272
2015-09-11,0.004812994181833702
2015-09-14,-0.003937754717380486
2015-09-15,0.011934396910601323
2015-09-16,0.008619638310203443
2015-09-17,0.000216144118416703
2015-09-18,-0.0157989231715123
2015-09-21,0.0031829364867666152
2015-09-22,-0.01252441223317733
2015-09-23,-0.0032194348383130875
2015-09-24,-0.002807146605102452
2015-09-25,-0.001885188410194039
2015-09-28,-0.024787593157877368
2015-09-29,0.0021915640904331913
2015-09-30,0.018617640776512137
2015-10-01,0.002623882551806968
2015-10-02,0.0157003995043886
2015-10-05,0.017007792875180196
2015-10-06,-0.005211886279336001
2015-10-07,0.008775359576660027
2015-10-08,0.009499715350477842
2015-10-09,0.000614688567299754
2015-10-12,0.0012107810681250683
2015-10-13,-0.0069601221358375305
2015-10-14,-0.003978746422532586
2015-10-15,0.014378332398352123
2015-10-16,0.003912301902600766
2015-10-19,0.0008646525087554983
2015-10-20,-0.0014700611316491269
2015-10-21,-0.005408949752797502
2015-10-22,0.014810796968363104
2015-10-23,0.00807053777790018
2015-10-26,-0.0018923987680715103
2015-10-27,-0.0006005861967160517
2015-10-28,0.008347263011580397
2015-10-29,0.0004611359050720152
2015-10-30,-0.0038100951000180744
2015-11-02,0.01059411412985249
2015-11-03,0.0016079477643991438
2015-11-04,-0.0029513952476458165
2015-11-05,-0.0017419416751398042
2015-11-06,-0.004224327775567787
2015-11-09,-0.0076576241141154576
2015-11-10,0.002632428209798549
2015-11-11,-0.002550244158794508
2015-11-12,-0.013998279449114333
2015-11-13,-0.007081748609074745
2015-11-16,0.014460133831902538
2015-11-17,-0.0019131425719439636
2015-11-18,0.015556752093760992
2015-11-19,-0.0009438902347054666
2015-11-20,0.0035387115663185133
2015-11-23,-0.0014207619283435986
2015-11-24,0.0016066927113608759
2015-11-25,6.75764412416066e-06
2015-11-27,0.0009577354637471851
2015-11-30,-0.004870764466924805
2015-12-01,0.009955614052642133
2015-12-02,-0.011188710396231502
2015-12-03,-0.013523185195847286
2015-12-04,0.019804731728816114
2015-12-07,-0.006015190468413148
2015-12-08,-0.006216995257545512
2015-12-09,-0.00387366359369845
2015-12-10,0.0004044829550605288
2015-12-11,-0.017631965650572352
2015-12-14,0.0036720097271731077
2015-12-15,0.009183699106231437
2015-12-16,0.015531414050809454
2015-12-17,-0.01323798344387332
2015-12-18,-0.016731476868771418
2015-12-21,0.007600251884015596
2015-12-22,0.009645167522849588
2015-12-23,0.012659893164355406
2015-12-24,-0.0010113022862391595
2015-12-28,-0.002323596169281932
2015-12-29,0.010186941966473248
2015-12-30,-0.006289562934197288
2015-12-31,-0.009563092815616576
2016-01-04,-0.013835642665413492
2016-01-05,0.0027880852585763687
2016-01-06,-0.012119222901067452
2016-01-07,-0.021431512691566155
2016-01-08,-0.010245466539730701
2016-01-11,-0.0013756230304218875
2016-01-12,0.007159229887898736
2016-01-13,-0.0233794475623731
2016-01-14,0.015335354458154723
2016-01-15,-0.01843110774750809
2016-01-19,0.0013991143554703484
2016-01-20,-0.010619519405733021
2016-01-21,0.0037544994852199754
2016-01-22,0.018301582311544495
2016-01-25,-0.01487535024139208
2016-01-26,0.012996495993102073
2016-01-27,-0.0087530607637984
2016-01-28,0.003115106685943939
2016-01-29,0.022527605959881476
2016-02-01,0.0020091607593900546
2016-02-02,-0.014920917491389804
2016-02-03,0.008694508844847505
2016-02-04,0.002874299952865115
2016-02-05,-0.01476093362009223
2016-02-08,-0.013876567045520103
2016-02-09,0.002993046222468234
2016-02-10,-0.0009274786350474739
2016-02-11,-0.014337252032327002
2016-02-12,0.018421800543577983
2016-02-16,0.01589457123935564
2016-02-17,0.014428797345599528
2016-02-18,-0.0024318818616968483
2016-02-19,-0.001959953804272846
2016-02-22,0.014747636824856624
2016-02-23,-0.010594394524022306
2016-02-24,0.004265512348984853
2016-02-25,0.011744335628081904
2016-02-26,-0.00265773269332886
2016-02-29,-0.007394990035395964
2016-03-01,0.0204355390759376
2016-03-02,0.0030478968183069626
2016-03-03,0.0040427684290273375
2016-03-04,0.003942119106374132
2016-03-07,0.0025856859632054797
2016-03-08,-0.009299899635894638
2016-03-09,0.004566228174974634
2016-03-10,0.0007682868762627018
2016-03-11,0.014951801678242527
2016-03-14,-0.001384231639396887
2016-03-15,-0.0020214295482524876
2016-03-16,0.005297870533413644
2016-03-17,0.005869239324159566
2016-03-18,0.004207404576102743
2016-03-21,0.002376052571494626
2016-03-22,-0.0016861207365736165
2016-03-23,-0.005533096228802002
2016-03-24,-0.00033068738909174903
2016-03-28,0.0005658573986330357
2016-03-29,0.00924069413889235
2016-03-30,0.003250420431668915
2016-03-31,-0.002328048324710298
2016-04-01,0.00724994492323569
2016-04-04,-0.002897387995506694
2016-04-05,-0.010494719353459896
2016-04-06,0.011107594833216777
2016-04-07,-0.011136697972086277
2016-04-08,0.002687656660552701
2016-04-11,-0.0025838786369474487
2016-04-12,0.009144832602967563
2016-04-13,0.008387064415673069
2016-04-14,2.959791172229344e-05
2016-04-15,0.0009253952974588343
2016-04-18,0.006301588145782998
2016-04-19,0.004745391851895414
2016-04-20,-0.002014135822261543
2016-04-21,-0.005905050872563992
2016-04-22,0.002197728065323349
2016-04-25,-0.0011020183141935609
2016-04-26,0.001812620558558886
2016-04-27,0.0038013762290339593
2016-04-28,-0.00730930970535135
2016-04-29,-0.004936288920337012
2016-05-02,0.007585566268859074
2016-05-03,-0.007827944688498532
2016-05-04,-0.004842298564414126
2016-05-05,-0.0006804924339523324
2016-05-06,0.0024088349825595267
2016-05-09,0.0011531821191624228
2016-05-10,0.011587219981988023
2016-05-11,-0.00822666627909238
2016-05-12,0.00040008294111872446
2016-05-13,-0.008330398390212905
2016-05-16,0.010084138748028798
2016-05-17,-0.01002579463321413
2016-05-18,-0.0034339785715571144
2016-05-19,-0.0018179668717801818
2016-05-20,0.00585209274126797
2016-05-23,-0.0013263758033872559
2016-05-24,0.011947035007500127
2016-05-25,0.0062159251253413724
2016-05-26,3.0776653003181704e-05
2016-05-27,0.0033669521760331697
2016-05-31,-0.00039720133265656106
2016-06-01,0.0022686270095942135
2016-06-02,0.004008593047066778
2016-06-03,-6.138079346714718e-06
2016-06-06,0.00502120980879934
2016-06-07,0.0002350949971776856
2016-06-08,0.0037192908353123433
2016-06-09,-0.0010169665241303878
2016-06-10,-0.007927449673491816
2016-06-13,-0.007715745913860912
2016-06-14,-0.0011694126777409281
2016-06-15,-0.0017004525425862132
2016-06-16,0.0032683898808460216
2016-06-17,-0.002151778394691718
2016-06-20,0.005158813752685333
2016-06-21,0.0009265220017085913
2016-06-22,-0.0009280164122247737
2016-06-23,0.011936318165759317
2016-06-24,-0.032233755975237144
2016-06-27,-0.016222956594477863
2016-06-28,0.01578159956524022
2016-06-29,0.015716847004502935
2016-06-30,0.014658423734787367
2016-07-01,0.0020920223757186778
2016-07-05,-0.005754472405614405
2016-07-06,0.005635585062032079
2016-07-07,-0.001663153446816085
2016-07-08,0.015819723339826834
2016-07-11,0.0026506525599229625
2016-07-12,0.005362924181167266
2016-07-13,0.0012051173091775242
2016-07-14,0.004293061310921749
2016-07-15,-0.00026064809119329075
2016-07-18,0.002478718610934691
2016-07-19,-0.001860876998952569
2016-07-20,0.0030074445581562107
2016-07-21,-0.0026581903613805318
2016-07-22,0.0048133082556486035
2016-07-25,-0.0021033841300950804
2016-07-26,-1.804220649241767e-05
2016-07-27,-0.002132454133557201
2016-07-28,0.0010640644161306213
2016-07-29,0.0013636603957454265
2016-08-01,-0.0002464112786152013
2016-08-02,-0.00611056641171131
2016-08-03,0.001447139065467239
2016-08-04,0.000613986059056245
2016-08-05,0.005172141390708995
2016-08-08,-0.0012561427963257983
2016-08-09,0.00024593588827999304
2016-08-10,-0.0015783306173091534
2016-08-11,0.004765194303709818
2016-08-12,-0.0017566921136462233
2016-08-15,0.0019629049995379746
2016-08-16,-0.006271857883972556
2016-08-17,0.002740347895847267
2016-08-18,0.0034003045484185816
2016-08-19,-0.001811894457137422
2016-08-22,0.00011913061565216107
2016-08-23,0.0018376624500540542
2016-08-24,-0.006163220276492476
2016-08-25,-0.0014324361603052695
2016-08-26,-0.003326990761651606
2016-08-29,0.005762878663369308
2016-08-30,-0.0031353764405460506
2016-08-31,-0.0025865896511541074
2016-09-01,-0.00043774720284183496
2016-09-02,0.005771365837521197
2016-09-06,0.002620393707170115
2016-09-07,-0.0005092879938457868
2016-09-08,-0.002029949348356846
2016-09-09,-0.025792930060839558
2016-09-12,0.014335796005847676
2016-09-13,-0.0143826784032012
2016-09-14,-0.0003637352970831002
2016-09-15,0.008984290529473762
2016-09-16,-0.002471593020395462
2016-09-19,0.0012339715965218791
2016-09-20,0.00029400170733180837
2016-09-21,0.011646096315128416
2016-09-22,0.006005595218952663
2016-09-23,-0.004600337990406338
2016-09-26,-0.008240996824497934
2016-09-27,0.004494090353808056
2016-09-28,0.0042453341793596755
2016-09-29,-0.010710558637934221
2016-09-30,0.007546088711941724
2016-10-03,-0.0034134742348357755
2016-10-04,-0.006724118249257146
2016-10-05,0.004985079135498902
2016-10-06,0.0009452586200092784
2016-10-07,-0.005107061024832125
2016-10-10,0.00457977849453691
2016-10-11,-0.01326791726010289
2016-10-12,0.0012734930546345578
2016-10-13,-0.0014881166946606012
2016-10-14,-0.0006580175343574225
2016-10-17,-0.002568129806013082
2016-10-18,0.007213529502884382
2016-10-19,0.0016685714029520936
2016-10-20,-0.0006835173958819235
2016-10-21,-0.0008937769118059094
2016-10-24,0.003375374351609882
2016-10-25,-0.0027117113988994945
2016-10-26,-0.0011638889690689777
2016-10-27,-0.0020859411372638375
2016-10-28,-0.0033424033522379878
2016-10-31,0.0011105227486163769
2016-11-01,-0.007312357111163068
2016-11-02,-0.0061384364704118646
2016-11-03,-0.003430431051485647
2016-11-04,-0.0004496189367217242
2016-11-07,0.02157588922961566
2016-11-08,0.003980739006852152
2016-11-09,0.011589334735746044
2016-11-10,0.0029791266191815653
2016-11-11,-0.0040415844573533964
2016-11-14,0.0010753991486593946
2016-11-15,0.006661829167791082
2016-11-16,-0.00257482205355118
2016-11-17,0.004237342847959219
2016-11-18,-0.0032733952713348584
2016-11-21,0.007503575956510378
2016-11-22,0.0011183923094143697
2016-11-23,0.0007951137053735939
2016-11-25,0.004896233571914735
2016-11-28,-0.002768394367240247
2016-11-29,0.0023544144874465007
2016-11-30,-0.004937942814660208
2016-12-01,-0.0024607303066211416
2016-12-02,0.0008626490509072997
2016-12-05,0.004598082882869746
2016-12-06,0.0024920089455065203
2016-12-07,0.011295621849763765
2016-12-08,0.001699245208065765
2016-12-09,0.007024113874120967
2016-12-12,-0.000567712407501694
2016-12-13,0.005901807477929801
2016-12-14,-0.009198761646705968
2016-12-15,0.0045983335274084785
2016-12-16,-0.0005399126756562522
2016-12-19,0.0012324645711708547
2016-12-20,0.0031131199848347386
2016-12-21,-0.0024461381565913727
2016-12-22,-0.0017862961662693658
2016-12-23,0.001994518134045087
2016-12-27,0.002377030669413323
2016-12-28,-0.008697515232602647
2016-12-29,0.0013160635722858493
2016-12-30,-0.004636464004078317
2017-01-03,0.007175235957331254
2017-01-04,0.006899187846269501
2017-01-05,-0.00028987622681476673
2017-01-06,0.0035096745922846245
2017-01-09,-0.0037438626449890545
2017-01-10,0.0006748284743340244
2017-01-11,0.0027273014599163495
2017-01-12,-0.0019460568454702063
2017-01-13,0.0016181947049404193
2017-01-17,-0.0022429743639348714
2017-01-18,0.00207351784099017
2017-01-19,-0.003636657628883954
2017-01-20,0.003012728193468977
2017-01-23,-0.0025697653147840347
2017-01-24,0.006712665095197084
2017-01-25,0.007455809242038056
2017-01-26,-0.0011979644658853877
2017-01-27,-0.00019521746824379023
2017-01-30,-0.005495019522547848
2017-01-31,0.002261040168840314
2017-02-01,-0.00021905356783075033
2017-02-02,0.0008746455096890688
2017-02-03,0.005804048520083
2017-02-06,-0.0018005347795832952
2017-02-07,0.0002963753013315419
2017-02-08,0.0015588553234766231
2017-02-09,0.003932119958379766
2017-02-10,0.004618362090105149
2017-02-13,0.005693891727329409
2017-02-14,0.003147180164668893
2017-02-15,0.004956955101879927
2017-02-16,2.9521397707276648e-05
2017-02-17,0.001369291044910995
2017-02-21,0.005911491582469657
2017-02-22,-5.41578833086647e-05
2017-02-23,0.0008304672296007891
2017-02-24,0.0033225203074259426
2017-02-27,0.0008441593063030401
2017-02-28,-0.0012806291553422318
2017-03-01,0.012098220226684718
2017-03-02,-0.0052172953094276435
2017-03-03,0.000596294172777541
2017-03-06,-0.0037200133217856167
2017-03-07,-0.0034308051246070294
2017-03-08,-0.001631329690375025
2017-03-09,0.0006199061953101935
2017-03-10,0.003978877375755909
2017-03-13,0.0011810633156871548
2017-03-14,-0.004077839402567359
2017-03-15,0.009906274765481329
2017-03-16,-0.004163431139637845
2017-03-17,-0.000331532212730913
2017-03-20,-0.0014983797529522069
2017-03-21,-0.009944306818785251
2017-03-22,0.001631258296928264
2017-03-23,-0.0007846249002228506
2017-03-24,-0.0008919686068177666
2017-03-27,-0.0007808675859287316
2017-03-28,0.006309046308660024
2017-03-29,0.0005932705504013473
2017-03-30,0.0015260348175813686
2017-03-31,-0.0021389110573712964
2017-04-03,-0.001546738197018731
2017-04-04,0.001255327251940791
2017-04-05,-0.0022800529780890315
2017-04-06,0.0022799142156242256
2017-04-07,-0.0007997872248202425
2017-04-10,0.0005998931020176508
2017-04-11,-0.0012384678244624489
2017-04-12,-0.003516895279607604
2017-04-13,-0.006444512156374838
2017-04-17,0.008167599302280512
2017-04-18,-0.0031637421227063206
2017-04-19,-0.0011332183225274295
2017-04-20,0.007322710604643786
2017-04-21,-0.002697229022279654
2017-04-24,0.01105416141652529
2017-04-25,0.006140070526832703
2017-04-26,8.61643410546588e-06
2017-04-27,0.0005678078880451481
2017-04-28,-0.002725612106994519
2017-05-01,0.0006776027082767124
2017-05-02,0.0007100249925266271
2017-05-03,-0.002098069272837044
2017-05-04,0.0021214820165203797
2017-05-05,0.004356087068562966
2017-05-08,-0.001638528826927671
2017-05-09,-0.0015724423890360103
2017-05-10,0.0006480828205248025
2017-05-11,-0.0013532403992567383
2017-05-12,-0.0014569789950585942
2017-05-15,0.005307752237830491
2017-05-16,-0.0014335241545323828
2017-05-17,-0.01558822627883916
2017-05-18,0.0032519020476489127
2017-05-19,0.006735606244937791
2017-05-22,0.004739071766454549
2017-05-23,0.0020752488181569138
2017-05-24,0.0030727293061756198
2017-05-25,0.0045143392943954915
2017-05-26,0.0006807058833607857
2017-05-30,-0.0006226938961744089
2017-05-31,0.0012209770411019854
2017-06-01,0.008734401966934683
2017-06-02,0.0030469816986269877
2017-06-05,-0.001474773007665628
2017-06-06,-0.0029558528677144967
2017-06-07,0.0018326978028052681
2017-06-08,-0.0008936732428944782
2017-06-09,0.0025014285669119596
2017-06-12,-0.000761164572853144
2017-06-13,0.004997140229114165
2017-06-14,-3.7181535273621375e-05
2017-06-15,-0.0017718841059852395
2017-06-16,0.0006610820704103544
2017-06-19,0.007174729566134688
2017-06-20,-0.005170569518664926
2017-06-21,-0.001080448979091819
2017-06-22,-0.000296444760360785
2017-06-23,0.0005742156717574988
2017-06-26,0.0017072761940620732
2017-06-27,-0.007648608186563895
2017-06-28,0.0067912342037019
2017-06-29,-0.00832554984988443
2017-06-30,0.0018220493141691706
2017-07-03,0.0027104173247973853
2017-07-05,0.0008565079825602972
2017-07-06,-0.007931839764984617
2017-07-07,0.005429920662207767
2017-07-10,0.0008106664963974541
2017-07-11,-0.001642679246299214
2017-07-12,0.00750940244444052
2017-07-13,0.0006253712624179088
2017-07-14,0.004783698053692522
2017-07-17,-4.153024430884844e-06
2017-07-18,0.0004324673748709918
2017-07-19,0.005207993891441154
2017-07-20,0.0005026667743103932
2017-07-21,0.00021129365926011258
2017-07-24,-0.0014903060027889857
2017-07-25,0.002149919188686532
2017-07-26,-0.0004755139957793743
2017-07-27,-0.0009051877194605674
2017-07-28,-0.0012798456191818858
2017-07-31,-0.0005303415137047541
2017-08-01,0.0013812467640330161
2017-08-02,0.0006219538010897838
2017-08-03,-0.0008915371921589398
2017-08-04,0.0006248210666943997
2017-08-07,0.0021717058225492994
2017-08-08,-0.0025410615087388747
2017-08-09,-0.0007150651636953447
2017-08-10,-0.011336181372740436
2017-08-11,0.0004440185978286008
2017-08-14,0.008675680817074172
2017-08-15,8.197849674087961e-05
2017-08-16,0.003138295709771125
2017-08-17,-0.014108392617573287
2017-08-18,-0.0013969577456962431
2017-08-21,0.0016432316928571779
2017-08-22,0.009578844419669774
2017-08-23,-0.004092397864757496
2017-08-24,-0.001915327081719932
2017-08-25,0.002365689115336195
2017-08-28,0.0004134631090547157
2017-08-29,0.0007652703968506069
2017-08-30,0.003994783837843113
2017-08-31,0.006017040599752003
2017-09-01,0.00189378064407964
2017-09-05,-0.006408196087641187
2017-09-06,0.0028454288130284867
2017-09-07,0.0010823435462459158
2017-09-08,0.0005800013325485896
2017-09-11,0.009911519850201713
2017-09-12,0.002537422670342494
2017-09-13,-0.00018170776277090023
2017-09-14,0.0008231394330632581
2017-09-15,0.0007449522026965927
2017-09-18,0.0013592277209531147
2017-09-19,-3.1233784611443156e-05
2017-09-20,0.00029088742229731163
2017-09-21,-0.002481555928436589
2017-09-22,-0.0010785485898514875
2017-09-25,0.00022713763823005944
2017-09-26,-0.0003784579824137122
2017-09-27,0.0009325250866277802
2017-09-28,0.0014857549088019928
2017-09-29,0.0029862388719349795
2017-10-02,0.00522148303976805
2017-10-03,0.0017925290880519413
2017-10-04,0.002365902325351679
2017-10-05,0.004446657872007098
2017-10-06,-0.0015383408150726307
2017-10-09,-0.002124923419080923
2017-10-10,0.003278422626269207
2017-10-11,0.0013572661272541486
2017-10-12,-0.0003394629646873593
2017-10-13,0.00037721071921416663
2017-10-16,0.0003463835819716581
2017-10-17,0.001768354752287827
2017-10-18,5.638169202879962e-05
2017-10-19,0.0021367338695751697
2017-10-20,0.00456008630613691
2017-10-23,-0.0029335708573261766
2017-10-24,0.0011140140570818197
2017-10-25,-0.004659791838131235
2017-10-26,0.0013603200055406636
2017-10-27,0.003916888927180135
2017-10-30,-0.004819369508445602
2017-10-31,0.0008490260611856448
2017-11-01,0.0012572643628197564
2017-11-02,-0.0007328324627779737
2017-11-03,0.0028124333171969055
2017-11-06,-0.0009747614479125672
2017-11-07,0.001078686417824119
2017-11-08,0.0017021499343238156
2017-11-09,-0.0032001423016495517
2017-11-10,-0.0007654159177772517
2017-11-13,0.0026738747378159807
2017-11-14,-0.000984361749323001
2017-11-15,-0.005332544832149583
2017-11-16,0.007971727712668032
2017-11-17,-0.0025660318632260712
2017-11-20,0.00046665193657687915
2017-11-21,0.0060007321652922035
2017-11-22,-0.000916421269695926
2017-11-24,0.0020637511428799856
2017-11-27,-8.802519197197266e-05
2017-11-28,0.010474146015692964
2017-11-29,0.0028323084825507094
2017-11-30,0.008084404684171086
2017-12-01,-0.002890792665416602
2017-12-04,0.0013390677211671533
2017-12-05,-0.00473889929088682
2017-12-06,-0.0003320851766007833
2017-12-07,0.002379149090271796
2017-12-08,0.005293789261829747
2017-12-11,0.0025355350514043693
2017-12-12,5.867822693098655e-05
2017-12-13,0.0010274102211959462
2017-12-14,-0.005176591701465495
2017-12-15,0.007936204715192142
2017-12-18,0.004420125340983833
2017-12-19,-0.0034724851260357426
2017-12-20,-0.0012913609389956066
2017-12-21,0.0007500601960835185
2017-12-22,-0.0003543778691838687
2017-12-26,-0.000871283145720262
2017-12-27,0.0010994019699718312
2017-12-28,0.0024103329458509118
2017-12-29,-0.003653263532141392
2018-01-02,0.006284227541644453
2018-01-03,0.004791515176654035
2018-01-04,0.00358880014712772
2018-01-05,0.006082544968409388
2018-01-08,0.0018115984424774065
2018-01-09,0.0022589179477676318
2018-01-10,-0.002344134864516981
2018-01-11,0.006559894011045265
2018-01-12,0.005461699721173928
2018-01-16,-0.002999517441839643
2018-01-17,0.008239680148700818
2018-01-18,-0.001958733729077569
2018-01-19,0.004551190945688053
2018-01-22,0.005871016328189893
2018-01-23,0.0013057393437225042
2018-01-24,0.0007673845333704606
2018-01-25,0.0034128876891192242
2018-01-26,0.010327539870895963
2018-01-29,-0.006606681860977052
2018-01-30,-0.00986931416150665
2018-01-31,-0.0007860229939208873
2018-02-01,-0.003645772575926597
2018-02-02,-0.018848684804125236
2018-02-05,-0.03891670610593546
2018-02-06,0.015664203354736842
2018-02-07,-0.004236299677945065
2018-02-08,-0.03332628891294175
2018-02-09,0.013991884905973794
2018-02-12,0.013387983313669416
2018-02-13,0.002321118739278998
2018-02-14,0.010666417353513077
2018-02-15,0.01258598275011695
2018-02-16,0.0014953779385661592
2018-02-20,-0.008435451919704328
2018-02-21,-0.005175136375425498
2018-02-22,0.0017311720152900128
2018-02-23,0.015797541678505774
2018-02-26,0.009344210762615174
2018-02-27,-0.013083546576930193
2018-02-28,-0.012103519381412822
2018-03-01,-0.011594874092250584
2018-03-02,0.004030054920718011
2018-03-05,0.012130374008941515
2018-03-06,0.0015351925091145792
2018-03-07,-0.0018391750808448599
2018-03-08,0.00496537316031489
2018-03-09,0.015343407625211915
2018-03-12,-0.0018658297609515744
2018-03-13,-0.004103468187322224
2018-03-14,-0.005158959070496551
2018-03-15,-0.0024732766451896985
2018-03-16,0.0017403547269915064
2018-03-19,-0.012187962001827108
2018-03-20,0.0008574640636114219
2018-03-21,-0.001168036875980774
2018-03-22,-0.022882360266449252
2018-03-23,-0.019432570311440314
2018-03-26,0.023342363011430754
2018-03-27,-0.01159387025106273
2018-03-28,-0.0017672364717258595
2018-03-29,0.012476033203901372
2018-04-02,-0.02150196177425649
2018-04-03,0.01256794496847937
2018-04-04,0.010637425783166966
2018-04-05,0.007595960219696332
2018-04-06,-0.020713771921268654
2018-04-09,0.003686003704091072
2018-04-10,0.013385841584750837
2018-04-11,-0.005563458403170129
2018-04-12,0.006192384609307207
2018-04-13,-0.0013717758122193191
2018-04-16,0.009333132707400653
2018-04-17,0.009310462680431748
2018-04-18,0.0010562551654972959
2018-04-19,-0.006279634397106239
2018-04-20,-0.007748503079194752
2018-04-23,0.00013209396885715337
2018-04-24,-0.012242421399650167
2018-04-25,0.0026481166943102697
2018-04-26,0.00880145771753514
2018-04-27,0.002126294890933398
2018-04-30,-0.009040718860187083
2018-05-01,-0.0006172886787383661
2018-05-02,-0.008149378826667166
2018-05-03,-0.0024707958074124494
2018-05-04,0.011472830946453141
2018-05-07,0.0010618063478945203
2018-05-08,-0.0033184619859172692
2018-05-09,0.007303231053324774
2018-05-10,0.009325408514366404
2018-05-11,0.003250465088983208
2018-05-14,0.0013750415209688954
2018-05-15,-0.006423939102290838
2018-05-16,0.004436057496976884
2018-05-17,-0.0004736646320773247
2018-05-18,-0.0011315012060287965
2018-05-21,0.006190345290787692
2018-05-22,-0.0027666017987944343
2018-05-23,0.002584413966440254
2018-05-24,-0.001040595099472879
2018-05-25,-0.0014863942771014753
2018-05-29,-0.011172485914350633
2018-05-30,0.012986543200854204
2018-05-31,-0.00789785396101754
2018-06-01,0.007514397112825402
2018-06-04,0.0034513926214738977
2018-06-05,-2.402345203275735e-05
2018-06-06,0.006566418411513898
2018-06-07,0.0018832083198166377
2018-06-08,0.0032576820574650492
2018-06-11,0.0019241781875595193
2018-06-12,0.0019777686553686543
2018-06-13,-0.00359683701979119
2018-06-14,0.0031768802228901993
2018-06-15,0.0006308080732210678
2018-06-18,-0.003791987580880203
2018-06-19,-0.00326066729464451
2018-06-20,0.0009302039209070197
2018-06-21,-0.005627469016997787
2018-06-22,0.0040792318261381215
2018-06-25,-0.00902706257562431
2018-06-26,0.0011695016730314271
2018-06-27,-0.006476202183378587
2018-06-28,0.003950592424817929
2018-06-29,0.0014517660850722506
2018-07-02,0.0016288043746389088
2018-07-03,-0.0021909749057693498
2018-07-05,0.007963061534835919
2018-07-06,0.0078026698605070536
2018-07-09,0.005776988071139161
2018-07-10,0.004723728781791324
2018-07-11,-0.0064416699525644315
2018-07-12,0.006386269095988543
2018-07-13,0.0014070879580631505
2018-07-16,-0.0014993682846127846
2018-07-17,0.004753798435061726
2018-07-18,0.0004083964180684467
2018-07-19,-0.001947537330289419
2018-07-20,-0.0014201447893093604
2018-07-23,-0.0005350094397683695
2018-07-24,0.005227940513800426
2018-07-25,0.008873586546875185
2018-07-26,0.0007386764329193246
2018-07-27,-0.004073431566060094
2018-07-30,-0.0042796574963296485
2018-07-31,0.006959288431446212
2018-08-01,-0.004216214055918733
2018-08-02,0.0035411944077997476
2018-08-03,0.006101030974161849
2018-08-06,0.0026986730942312547
2018-08-07,0.0020224254749355284
2018-08-08,-0.0016185127217049665
2018-08-09,-0.0005447668777265692
2018-08-10,-0.007238397481494385
2018-08-13,-0.0036183245447401553
2018-08-14,0.006492884878708783
2018-08-15,-0.0054368958954691396
2018-08-16,0.009487753168474083
2018-08-17,0.004096406541273291
2018-08-20,0.0028907633987842753
2018-08-21,0.0013268908146020597
2018-08-22,-0.0025403981352371003
2018-08-23,-0.0020078626913779193
2018-08-24,0.005571170946068158
2018-08-27,0.006448925876228762
2018-08-28,-0.0009840628339856925
2018-08-29,0.0055085933756633225
2018-08-30,-0.004451475831679801
2018-08-31,-0.0006511820985093928
2018-09-04,-0.0017624165315049873
2018-09-05,0.0025876651560220645
2018-09-06,-0.0006816049847764038
2018-09-07,-0.002873449637738755
2018-09-10,0.0017813561716473387
2018-09-11,0.0015870610963126274
2018-09-12,0.001424414231499008
2018-09-13,0.005501677497402139
2018-09-14,-0.0005630272980666175
2018-09-17,-0.0026812986801665684
2018-09-18,0.004440159738000007
2018-09-19,-2.0328535824219632e-05
2018-09-20,0.007910108344001823
2018-09-21,0.00023008863054934707
2018-09-24,-0.006713865081140664
2018-09-25,-0.0035776541625951253
2018-09-26,-0.0035057717443683725
2018-09-27,0.0018064829351889377
2018-09-28,0.0006802641380810292
2018-10-01,0.0036334625252885393
2018-10-02,0.0011944087668293408
2018-10-03,-0.0019652104260676276
2018-10-04,-0.005539914126095353
2018-10-05,-0.0028130718423228537
2018-10-08,0.00237756813002334
2018-10-09,-0.004952430585608973
2018-10-10,-0.026500317466366267
2018-10-11,-0.02189096569490718
2018-10-12,0.010319366294139721
2018-10-15,-0.003120382899014526
2018-10-16,0.018991930454253514
2018-10-17,-0.000701176280435097
2018-10-18,-0.011634782085202374
2018-10-19,0.00034413092313478286
2018-10-22,-0.005717573237480054
2018-10-23,-0.006185322867965245
2018-10-24,-0.022732932007082044
2018-10-25,0.012500090433140118
2018-10-26,-0.015597742289174526
2018-10-29,-0.0012498268115745733
2018-10-30,0.015063538525542116
2018-10-31,0.006085654809106198
2018-11-01,0.012124024115558272
2018-11-02,-0.0047317510299667975
2018-11-05,0.007887021775115948
2018-11-06,0.007304777434767796
2018-11-07,0.019551525234879918
2018-11-08,-0.0010839784006952072
2018-11-09,-0.006956676290067225
2018-11-12,-0.016070175079789046
2018-11-13,-0.0009529059459007342
2018-11-14,-0.007648485178282639
2018-11-15,0.008306571846911059
2018-11-16,0.004878601728473154
2018-11-19,-0.012476996813675279
2018-11-20,-0.016786962129783662
2018-11-21,0.000609339633107137
2018-11-23,-0.0040610739197128
2018-11-26,0.012476944773686752
2018-11-27,0.0028168975733381023
2018-11-28,0.0196574010818723
2018-11-29,-0.0007026109731734115
2018-11-30,0.010007140275916454
2018-12-03,0.009455932739335574
2018-12-04,-0.028015576638875248
2018-12-06,-0.003924699159666391
2018-12-07,-0.021012328580646042
2018-12-10,0.0011214007664375285
2018-12-11,5.220942853326519e-05
2018-12-12,0.005169754531669337
2018-12-13,-0.0008483521714703685
2018-12-14,-0.017299755771307594
2018-12-17,-0.020525444701696857
2018-12-18,-0.001954298502299311
2018-12-19,-0.013524319942485215
2018-12-20,-0.01458626982804196
2018-12-21,-0.01551746098232242
2018-12-24,-0.02739135876313523
2018-12-26,0.043350457561553875
2018-12-27,0.010437085517823763
2018-12-28,-0.0009163170247007457
2018-12-31,0.009012621414949018
2019-01-02,-0.0018717762285790436
2019-01-03,-0.021895744378981816
2019-01-04,0.03164696650038988
2019-01-07,0.005220577039900921
2019-01-08,0.009062294334975489
2019-01-09,0.0029895479309538678
2019-01-10,0.005275622034524458
2019-01-11,-2.9853183832669502e-05
2019-01-14,-0.007039270769464874
2019-01-15,0.008618717797570945
2019-01-16,0.002177083582331008
2019-01-17,0.008847087372966496
2019-01-18,0.013453116130635604
2019-01-22,-0.011444777661946409
2019-01-23,0.0024865675702740704
2019-01-24,-0.0006087946499987403
2019-01-25,0.0058869740477391465
2019-01-28,-0.006229528037893458
2019-01-29,0.001987877073987011
2019-01-30,0.01386259105507466
2019-01-31,0.006532637791711707
2019-02-01,-7.047246190886162e-05
2019-02-04,0.004644834210390652
2019-02-05,0.003467171292384038
2019-02-06,-0.00024156641892290407
2019-02-07,-0.007249039502295452
2019-02-08,0.0009203825476731756
2019-02-11,0.00141796083605255
2019-02-12,0.013163304780535665
2019-02-13,0.002687899932859135
2019-02-14,-0.003537515826228289
2019-02-15,0.011782712892775136
2019-02-19,0.0021737396616049193
2019-02-20,0.003690994501526156
2019-02-21,-0.002665334284264718
2019-02-22,0.005067614243812922
2019-02-25,0.0007686381352241441
2019-02-26,-0.0017428631083413878
2019-02-27,-0.00031332252784224
2019-02-28,-0.0026293375449439834
2019-03-01,0.0056339994449303415
2019-03-04,-0.003996817882095915
2019-03-05,-0.0021292673402981397
2019-03-06,-0.005970193109086769
2019-03-07,-0.007160812524319464
2019-03-08,-0.0014066266333656984
2019-03-11,0.012501842413493326
2019-03-12,0.0031268312721120586
2019-03-13,0.00651044874036652
2019-03-14,-0.0012849083394582156
2019-03-15,0.004481372628340379
2019-03-18,0.0038941708439386266
2019-03-19,-0.000532112079418024
2019-03-20,-0.004524972878490457
2019-03-21,0.009674225389875243
2019-03-22,-0.017376982884088905
2019-03-25,-3.086575427643032e-05
2019-03-26,0.007321177876626996
2019-03-27,-0.004328126829554965
2019-03-28,0.0038196753163798956
2019-03-29,0.007728697732116734
2019-04-01,0.008973084550788072
2019-04-02,-0.0007965653052830539
2019-04-03,0.0018805047683371795
2019-04-04,0.0028135774956282436
2019-04-05,0.004918459489819402
2019-04-08,0.0002800421579372265
2019-04-09,-0.005500642841067057
2019-04-10,0.0017085732347814234
2019-04-11,7.326950280407805e-06
2019-04-12,0.005652054865036906
2019-04-15,-0.0004298518879750088
2019-04-16,-0.0012845745567464913
2019-04-17,-0.004847901741010508
2019-04-18,0.0016880194673921573
2019-04-22,-0.0008727753853622717
2019-04-23,0.007640561447497778
2019-04-24,-0.0008028817273959874
2019-04-25,-0.0024207063760700513
2019-04-26,0.005918995921864747
2019-04-29,-7.716277033577912e-05
2019-04-30,0.0055483695154596785
2019-05-01,-0.008743622053259015
2019-05-02,-0.0010127897027968217
2019-05-03,0.008991002657387984
2019-05-06,-0.004716569969210744
2019-05-07,-0.015494006908101342
2019-05-08,-0.0015657983518808881
2019-05-09,-0.0032646727865586938
2019-05-10,0.006748852534031274
2019-05-13,-0.02037028921388258
2019-05-14,0.0070199341780092005
2019-05-15,0.0028244652184784467
2019-05-16,0.009031235333351085
2019-05-17,-0.004893885470555401
2019-05-20,-0.004651579338770719
2019-05-21,0.008446541485499186
2019-05-22,-0.002108561604507245
2019-05-23,-0.009056926977710067
2019-05-24,0.0015438146527083692
2019-05-28,-0.01116624280825355
2019-05-29,-0.006647609798144102
2019-05-30,0.0026146616814318882
2019-05-31,-0.010731752398916905
2019-06-03,0.005457418790362919
2019-06-04,0.02031663638277537
2019-06-05,0.009340778086190434
2019-06-06,0.007181427802841466
2019-06-07,0.0077738485087902815
2019-06-10,0.0032982377576990887
2019-06-11,-0.001125656175638496
2019-06-12,0.0009591756880669386
2019-06-13,0.003510175433435558
2019-06-14,-0.000819079837053906
2019-06-17,-0.001798495796184716
2019-06-18,0.008362705009870162
2019-06-19,0.0026863194004502697
2019-06-20,0.009373832995615292
2019-06-21,-0.0010224579113420015
2019-06-24,-0.00158016327967609
2019-06-25,-0.006009008520784254
2019-06-26,-0.004508328337837601
2019-06-27,0.0039057810957178595
2019-06-28,0.0053625176938543375
2019-07-01,0.006397971809493389
2019-07-02,0.0030181188553672334
2019-07-03,0.007790920155605421
2019-07-05,-0.0025263164219329645
2019-07-08,-0.004534007071278439
2019-07-09,-0.0009222484571635274
2019-07-10,0.002414397888575555
2019-07-11,0.0029355321127678877
2019-07-12,0.003472177812256358
2019-07-15,0.0005598536551311065
2019-07-16,-0.002359107735704779
2019-07-17,-0.005681330227862889
2019-07-18,0.004999269232077286
2019-07-19,-0.0049865344283501955
2019-07-22,0.00024171461214629882
2019-07-23,0.007586766314444259
2019-07-24,0.002613646530626559
2019-07-25,-0.004296171077190643
2019-07-26,0.00404172230586469
2019-07-29,-0.0005896591577746244
2019-07-30,-0.0015563006475443066
2019-07-31,-0.011214277148868879
2019-08-01,-0.007075008604755501
2019-08-02,-0.005664442935616362
2019-08-05,-0.026390220279529024
2019-08-06,0.011969663980558572
2019-08-07,0.002552133395542122
2019-08-08,0.017008123013582382
2019-08-09,-0.005078368383872691
2019-08-12,-0.011661647678437104
2019-08-13,0.012628555299004519
2019-08-14,-0.0271250712949228
2019-08-15,0.0036679526273845505
2019-08-16,0.014028471322117706
2019-08-19,0.010481089405580768
2019-08-20,-0.007255551420541118
2019-08-21,0.007852997347181976
2019-08-22,-0.0004501639453315451
2019-08-23,-0.023593088269204893
2019-08-26,0.009686527882405942
2019-08-27,-0.003324987229106631
2019-08-28,0.007338357667239031
2019-08-29,0.011328497155220852
2019-08-30,0.0010080298419424332
2019-09-03,-0.004017740505409232
2019-09-04,0.008519987617619497
2019-09-05,0.009276489348048016
2019-09-06,0.0014063975703699153
2019-09-09,-0.000905254985960997
2019-09-10,0.0018724790730422307
2019-09-11,0.007536388983026472
2019-09-12,0.0031041190364214325
2019-09-13,0.00044964406996385217
2019-09-16,-0.0043772195965892146
2019-09-17,0.0035277759204919022
2019-09-18,0.0006969696477798995
2019-09-19,0.00039275346232557813
2019-09-20,-0.00300347274110038
2019-09-23,-9.922492975105887e-05
2019-09-24,-0.005394974766758636
2019-09-25,0.003677964345120225
2019-09-26,-0.0012187585682212503
2019-09-27,-0.0035663830314087482
2019-09-30,0.005058174835895217
2019-10-01,-0.012711847920049816
2019-10-02,-0.01770120606923706
2019-10-03,0.006578973249521141
2019-10-04,0.013182388517415336
2019-10-07,-0.004717701922822327
2019-10-08,-0.015317430483847684
2019-10-09,0.008886572321322558
2019-10-10,0.006119504839993236
2019-10-11,0.009897961937068706
2019-10-14,-0.0023354950838221883
2019-10-15,0.008281202421640209
2019-10-16,-0.0007377069408636402
2019-10-17,0.0032313253418794004
2019-10-18,-0.002434698726488526
2019-10-21,0.0045871850998593314
2019-10-22,-0.0007827317415436979
2019-10-23,0.003144915796541123
2019-10-24,0.001574148270161799
2019-10-25,0.0023482762910257728
2019-10-28,0.003049823199478237
2019-10-29,0.0026309595792017243
2019-10-30,0.0037231277175099322
2019-10-31,-0.0035451900469102744
2019-11-01,0.008324178125697792
2019-11-04,0.001664225052267201
2019-11-05,-0.0012207515490990778
2019-11-06,0.001532413506865305
2019-11-07,0.0011689693085365606
2019-11-08,0.001959494801902598
2019-11-11,-0.0023924934427594093
2019-11-12,0.0026410166779014164
2019-11-13,0.00065184850371732
2019-11-14,0.0019080013255192735
2019-11-15,0.006825040964639343
2019-11-18,3.228269620622925e-05
2019-11-19,-0.0006997880338531449
2019-11-20,-0.00273832703678002
2019-11-21,-0.0014793466691373348
2019-11-22,0.0026424342896164132
2019-11-25,0.006862619750567675
2019-11-26,0.0024725665197140186
2019-11-27,0.003877871876509356
2019-11-29,-0.0032728604485312645
2019-12-02,-0.007461557615160327
2019-12-03,-0.0063431769428694065
2019-12-04,0.006627317180095588
2019-12-05,0.0014244268562665448
2019-12-06,0.008038374621798643
2019-12-09,-0.003016882613657178
2019-12-10,-0.0007576797322698988
2019-12-11,0.0028982698210009397
2019-12-12,0.008653323675572703
2019-12-13,0.00017521990323682778
2019-12-16,0.006558599768089198
2019-12-17,0.0007249093939672127
2019-12-18,-0.00033012433910212946
2019-12-19,0.003176197422199877
2019-12-20,0.005249601416878269
2019-12-23,0.0006028293277552713
2019-12-24,0.0002633804555573371
2019-12-26,0.0037054223386550106
2019-12-27,-7.066745741506517e-05
2019-12-30,-0.004384010905306875
2019-12-31,0.0027158428688341587
2020-01-02,0.003795573109013224
2020-01-03,-0.0070939399218508305
2020-01-06,0.001824902771928245
2020-01-07,-0.0027723541899900253
2020-01-08,0.004116507701410043
2020-01-09,0.0058585678984014915
2020-01-10,-0.002815832997084853
2020-01-13,0.005590516720582798
2020-01-14,0.0003036735407193077
2020-01-15,0.00396795301588367
2020-01-16,0.007264962205166845
2020-01-17,0.002735958065366101
2020-01-21,-0.002691195980087628
2020-01-22,2.0835323195724218e-05
2020-01-23,0.001272865125172405
2020-01-24,-0.008810497071725027
2020-01-27,-0.013460307948464496
2020-01-28,0.008160423880632503
2020-01-29,-0.00012510502859094938
2020-01-30,0.0028114888221152956
2020-01-31,-0.016641393333838718
2020-02-03,0.007017107149559816
2020-02-04,0.013103469436601343
2020-02-05,0.013542197844073001
2020-02-06,0.00099935082362295
2020-02-07,-0.006207870479677566
2020-02-10,0.005408648661109187
2020-02-11,0.003406487162319972
2020-02-12,0.004740665363023189
2020-02-13,-0.0006521254247458495
2020-02-14,0.0013193429895510267
2020-02-18,-0.002689317554743688
2020-02-19,0.002874913503451617
2020-02-20,-0.002088746582651563
2020-02-21,-0.006598326862179615
2020-02-24,-0.029630055615034484
2020-02-25,-0.031122704378773586
2020-02-26,-0.005106075608618949
2020-02-27,-0.042233900625706894
2020-02-28,-0.014519566245135318
2020-03-02,0.04729220984751863
2020-03-03,-0.02334742448834887
2020-03-04,0.04501087238623555
2020-03-05,-0.03134068691992348
2020-03-06,-0.01623161857111556
2020-03-09,-0.07502657321111193
2020-03-10,0.04260693648494995
2020-03-11,-0.049133596477568986
2020-03-12,-0.09607382719521201
2020-03-13,0.08263471003441576
2020-03-16,-0.11271691452208786
2020-03-17,0.06567711434978996
2020-03-18,-0.05374954591867274
2020-03-19,-0.002374548991317938
2020-03-20,-0.04725983785509375
2020-03-23,-0.037638312889190506
2020-03-24,0.09663416944657599
2020-03-25,0.018260611990658343
2020-03-26,0.060639078196563806
2020-03-27,-0.024985032385884884
2020-03-30,0.032898894056384735
2020-03-31,-0.01849499744522281
2020-04-01,-0.043407214601123574
2020-04-02,0.02136648275150592
2020-04-03,-0.01460955098670233
2020-04-06,0.06656012364262875
2020-04-07,-0.0001285191431870985
2020-04-08,0.03684812225359937
2020-04-09,0.022068937468172862
2020-04-13,-0.015765491863011297
2020-04-14,0.028694043431373755
2020-04-15,-0.0247395153741187
2020-04-16,0.004244017646808905
2020-04-17,0.03000846286534038
2020-04-20,-0.019866985651113386
2020-04-21,-0.0271581749486089
2020-04-22,0.018756608490671067
2020-04-23,-0.0016774068924303117
2020-04-24,0.01325723341103482
2020-04-27,0.016573217347735626
2020-04-28,0.0016301764986278186
2020-04-29,0.014853346479336942
2020-04-30,-0.014622395804878218
2020-05-01,-0.02433974966594367
2020-05-04,0.0007192268754351943
2020-05-05,0.007476311007465327
2020-05-06,-0.012221235967421395
2020-05-07,0.009621360201026155
2020-05-08,0.018011394320364377
2020-05-11,-0.0021124497096961094
2020-05-12,-0.017528097974390762
2020-05-13,-0.016539910698208492
2020-05-14,0.011395926851094364
2020-05-15,0.003082724105011472
2020-05-18,0.0334111886608352
2020-05-19,-0.012742715433560882
2020-05-20,0.012734115388347771
2020-05-21,-0.006410287441425792
2020-05-22,0.0017149211655987995
2020-05-26,0.016275175635939974
2020-05-27,0.017634765777903107
2020-05-28,0.0036993579586591867
2020-05-29,0.0031944278406476592
2020-06-01,0.003718880945316444
2020-06-02,0.008540068564183125
2020-06-03,0.015112456083513727
2020-06-04,-0.0016578337533202803
2020-06-05,0.02311407465734062
2020-06-08,0.01256733121543451
2020-06-09,-0.012212045502806877
2020-06-10,-0.008607351979492658
2020-06-11,-0.058026384811731176
2020-06-12,0.011201297262458288
2020-06-15,0.008759919730063506
2020-06-16,0.018388589250018
2020-06-17,-0.004449796606075061
2020-06-18,-0.00030681234821099536
2020-06-19,-0.006077097399451349
2020-06-22,0.003227183511974729
2020-06-23,0.0019528655302719505
2020-06-24,-0.024369929058271116
2020-06-25,0.008646452150537814
2020-06-26,-0.019536172508870377
2020-06-29,0.016865521311038176
2020-06-30,0.01188535364127911
2020-07-01,0.0042720055663882815
2020-07-02,0.006732839681522978
2020-07-06,0.011157228633814222
2020-07-07,-0.008085755991470689
2020-07-08,0.0032379801781105217
2020-07-09,-0.00963959550455266
2020-07-10,0.012737592143476459
2020-07-13,-0.001793602063063128
2020-07-14,0.015069051737740103
2020-07-15,0.011259093653142467
2020-07-16,0.00013414179923158855
2020-07-17,0.006600433876247047
2020-07-20,-0.0011375876481955953
2020-07-21,0.00529726650784951
2020-07-22,0.008592444598499933
2020-07-23,-0.005367737400453263
2020-07-24,-0.005713864188532828
2020-07-27,0.004400647352548202
2020-07-28,-0.003901388873790023
2020-07-29,0.010147418539178816
2020-07-30,-0.006055627918155422
2020-07-31,0.00204038996068339
2020-08-03,0.0030512327659148347
2020-08-04,0.004714354842563066
2020-08-05,0.006207524855041507
2020-08-06,0.0016142995631670564
2020-08-07,0.0065432026188139
2020-08-10,0.005690856663946599
2020-08-11,-0.005126965844059628
2020-08-12,0.011369045512637909
2020-08-13,-0.0018489848145370345
2020-08-14,-0.0004518009427244377
2020-08-17,0.002079740857296138
2020-08-18,-0.0006561536406347643
2020-08-19,-0.0033874869151072767
2020-08-20,-0.002592884161786237
2020-08-21,0.0023057779941540023
2020-08-24,0.010568346532293833
2020-08-25,0.0005893234459248207
2020-08-26,0.0027549275996536955
2020-08-27,0.0042129181560857255
2020-08-28,0.006522724499086092
2020-08-31,-0.003980794069327313
2020-09-01,0.005004951336653035
2020-09-02,0.01833963810140665
2020-09-03,-0.02664931539359481
2020-09-04,-0.00398908061448052
2020-09-08,-0.02026335551264179
2020-09-09,0.0183431283922137
2020-09-10,-0.014715427603656784
2020-09-11,0.004827088363821295
2020-09-14,0.013341882109710225
2020-09-15,0.0019109541128765634
2020-09-16,-0.0009713271789678011
2020-09-17,-0.005032297524441587
2020-09-18,-0.010388123488422918
2020-09-21,-0.016202253486065837
2020-09-22,0.005608677483810296
2020-09-23,-0.018824700051778078
2020-09-24,0.0031082455770063038
2020-09-25,0.01355435519317406
2020-09-28,0.014509098854722699
2020-09-29,-0.005640044069378073
2020-09-30,0.009963453112382737
2020-10-01,0.0021709078520747572
2020-10-02,-0.001401803184475045
2020-10-05,0.01592330079099485
2020-10-06,-0.010172091799363044
2020-10-07,0.017575009305354244
2020-10-08,0.008953500488252763
2020-10-09,0.0070822113987923695
2020-10-12,0.00984124934999037
2020-10-13,-0.007413523182555142
2020-10-14,-0.003920967452745634
2020-10-15,-0.0005294767566045948
2020-10-16,0.0034814092166378444
2020-10-19,-0.013574179107178213
2020-10-20,0.003775243389190973
2020-10-21,-0.004022511473368409
2020-10-22,0.007836764923074392
2020-10-23,0.0033341422564901616
2020-10-26,-0.01659739760158331
2020-10-27,-0.006772706685630952
2020-10-28,-0.031299658999197476
2020-10-29,0.006003717909392062
2020-10-30,-0.006357625614739449
2020-11-02,0.01800600381481455
2020-11-03,0.01861877504092476
2020-11-04,0.009243651864035763
2020-11-05,0.01789769374148457
2020-11-06,5.063433913463365e-05
2020-11-09,0.017766178770134988
2020-11-10,0.006324279269752393
2020-11-11,0.001967966092903297
2020-11-12,-0.010812926749861451
2020-11-13,0.014447427674371698
2020-11-16,0.011995275336875718
2020-11-17,-0.006380248615138794
2020-11-18,-0.012096295019842667
2020-11-19,0.0016880692532025457
2020-11-20,-0.005110552157337774
2020-11-23,0.005627714358617059
2020-11-24,0.014507357785657928
2020-11-25,-0.002508903450796081
2020-11-27,0.0015100499708324533
2020-11-30,-0.0054362696000896035
2020-12-01,0.00853938325086238
2020-12-02,7.702670547427442e-05
2020-12-03,-0.0012308865578200211
2020-12-04,0.008176862643647455
2020-12-07,-0.0030614114507057995
2020-12-08,0.0031486066333650383
2020-12-09,-0.0036182817908109997
2020-12-10,-0.003006340133406068
2020-12-11,-0.00251372137600999
2020-12-14,-0.006130886173498931
2020-12-15,0.013408792100300904
2020-12-16,-0.0008976490259872633
2020-12-17,0.007619241796407986
2020-12-18,-0.0018750777606955618
2020-12-21,-0.005697210610682458
2020-12-22,-0.003604189989264847
2020-12-23,0.002364116196603326
2020-12-24,0.003881499666118776
2020-12-28,0.004863933356835769
2020-12-29,-0.0013401700493216504
2020-12-30,0.0037248047176482064
2020-12-31,0.007209540029911666
2021-01-04,-0.013165739157688061
2021-01-05,0.007005691598108873
2021-01-06,0.016812854170972214
2021-01-07,0.008789872634137065
2021-01-08,0.0046870280836395295
2021-01-11,-0.004015573205809181
2021-01-12,0.0016807929353002923
2021-01-13,0.0014493762672665004
2021-01-14,-0.0029603722496862337
2021-01-15,-0.006176185002589132
2021-01-19,0.003744727576269614
2021-01-20,0.006839167646244573
2021-01-21,-0.004046323165931209
2021-01-22,-0.0035579083635141023
2021-01-25,0.003790157204619146
2021-01-26,-0.0040999079643227
2021-01-27,-0.02534056059215781
2021-01-28,0.011109518798276829
2021-01-29,-0.017417734033099597
2021-02-01,0.01101233983940562
2021-02-02,0.012808430910385927
2021-02-03,-0.0011045460451208585
2021-02-04,0.008947119555716665
2021-02-05,0.005716997196690868
2021-02-08,0.005527262504441766
2021-02-09,-0.001061903637107107
2021-02-10,-0.0007621629610194648
2021-02-11,-0.000560401144669484
2021-02-12,0.0048829614336398
2021-02-16,-0.0022860614494856005
2021-02-17,0.001292204552947442
2021-02-18,-0.0033245435849523445
2021-02-19,-0.0010715443158646183
2021-02-22,-0.0049231307222080654
2021-02-23,0.001249518611255087
2021-02-24,0.008515364381771263
2021-02-25,-0.019222816261479606
2021-02-26,-0.009695073389563432
2021-03-01,0.021741329917719515
2021-03-02,-0.0043049307613306775
2021-03-03,-0.009644259789273382
2021-03-04,-0.012932020163978706
2021-03-05,0.019105719920383925
2021-03-08,0.0030973305156209393
2021-03-09,0.009337693990436434
2021-03-10,0.009113510139394812
2021-03-11,0.00499481623270578
2021-03-12,0.005413630055711299
2021-03-15,0.006214013985891577
2021-03-16,-0.004077453167702186
2021-03-17,0.0020197041394778934
2021-03-18,-0.007752405180368747
2021-03-19,-0.0008934257401556686
2021-03-22,0.004413349344709007
2021-03-23,-0.007527022247785845
2021-03-24,-0.0014544849318099493
2021-03-25,0.00946089101226047
2021-03-26,0.016878356076505122
2021-03-29,0.0007780732660256967
2021-03-30,-0.0032595290601374173
2021-03-31,0.001483679788107122
2021-04-01,0.004746974608832017
2021-04-05,0.012443008950720282
2021-04-06,0.00013123156514999922
2021-04-07,-0.0024894212410806146
2021-04-08,0.002800645774392447
2021-04-09,0.006808401935647701
2021-04-12,0.00242171599236983
2021-04-13,0.0016249882234279877
2021-04-14,-6.642352268844533e-05
2021-04-15,0.00980614790559043
2021-04-16,0.006197372962404096
2021-04-19,-0.004479074792244641
2021-04-20,-0.004222757250463731
2021-04-21,0.009925282634293972
2021-04-22,-0.008948117267153765
2021-04-23,0.00879401675430756
2021-04-26,-0.0009254216020650826
2021-04-27,-0.0007578704501277552
2021-04-28,-0.000912271379874718
2021-04-29,0.005168052699395503
2021-04-30,-0.0038788070276104536
2021-05-03,0.00612275650313352
2021-05-04,-0.0014706194151044578
2021-05-05,0.0006777158544064208
2021-05-06,0.007623596749150219
2021-05-07,0.00661887893631715
2021-05-10,-0.0028980577741827443
2021-05-11,-0.009641400419808507
2021-05-12,-0.01949332480191409
2021-05-13,0.013376041260358289
2021-05-14,0.011397008368736394
2021-05-17,-0.0013273967453317748
2021-05-18,-0.006783042880722249
2021-05-19,-0.004761456689237874
2021-05-20,0.007823351022260004
2021-05-21,0.0013179742266345878
2021-05-24,0.005808261422245845
2021-05-25,-0.003965295868106782
2021-05-26,0.00046932119759828656
2021-05-27,0.0015688645625310709
2021-05-28,0.0019437312274632925
2021-06-01,-0.0019517992351463056
2021-06-02,4.5609146249849386e-05
2021-06-03,-0.00026265635247683955
2021-06-04,0.004941376210700543
2021-06-07,-0.002274432103181577
2021-06-08,-0.0014560909359087675
2021-06-09,-0.001577968871658723
2021-06-10,0.0036441145636379128
2021-06-11,0.0015383719000997107
2021-06-14,-0.0016071893723897197
2021-06-15,-0.0006033653619521065
2021-06-16,-0.0071473512684181685
2021-06-17,-0.0035856882572315725
2021-06-18,-0.01514334985890581
2021-06-21,0.015059697404945178
2021-06-22,0.002882552872178535
2021-06-23,-0.002736832243882118
2021-06-24,0.00536157479818965
2021-06-25,0.005241934948637317
2021-06-28,0.00050371698541377
2021-06-29,-0.001678848726596769
2021-06-30,0.0025325413078552267
2021-07-01,0.0056493669689378825
2021-07-02,0.0049757359967894784
2021-07-06,-0.00457977961556752
2021-07-07,0.005419154649386142
2021-07-08,-0.008545955281164013
2021-07-09,0.011020543858167928
2021-07-12,0.002912032789796903
2021-07-13,-0.0052184764866885745
2021-07-14,0.0015161846753750953
2021-07-15,-1.4019616839945347e-05
2021-07-16,-0.0051704365754534016
2021-07-19,-0.015003410318302922
2021-07-20,0.013761407225179703
2021-07-21,0.0054850568299235625
2021-07-22,0.0009287728555319012
2021-07-23,0.008706052815204169
2021-07-26,0.0015779612180284518
2021-07-27,0.00016307025659361912
2021-07-28,-0.001823532887795752
2021-07-29,0.0066205850719156896
2021-07-30,-0.003595496582849327
2021-08-02,-0.0017905500906595544
2021-08-03,0.009434601147724896
2021-08-04,-0.0074388894880840425
2021-08-05,0.004606741254896311
2021-08-06,0.0033956017101084575
2021-08-09,0.00028989949472568103
2021-08-10,0.004473912909101508
2021-08-11,0.004214026990589539
2021-08-12,0.0020220338316542163
2021-08-13,0.002185057452210032
2021-08-16,0.0029568614326480566
2021-08-17,-0.004521218261862815
2021-08-18,-0.010415353726296955
2021-08-19,-5.7411142055453416e-05
2021-08-20,0.006729358805133974
2021-08-23,0.004349067187276378
2021-08-24,0.00034480572919390155
2021-08-25,0.0024088555986077303
2021-08-26,-0.005332291458441015
2021-08-27,0.006314972816557962
2021-08-30,0.0019639209705126603
2021-08-31,-0.0012192965120855145
2021-09-01,0.0006535294224241265
2021-09-02,0.005938379421036114
2021-09-03,-0.0025230672610381524
2021-09-07,-0.007119750686098686
2021-09-08,0.0014716610578763415
2021-09-09,-0.004439819467203717
2021-09-10,-0.006989880972450987
2021-09-13,0.000784218117150579
2021-09-14,-0.0055752288465950916
2021-09-15,0.006845677013023037
2021-09-16,-0.0035515186443552263
2021-09-17,-0.00822312926432228
2021-09-20,-0.014251089355363422
2021-09-21,-0.0009216558790534063
2021-09-22,0.00760426399404618
2021-09-23,0.01006672474146891
2021-09-24,0.00027616819613443685
2021-09-27,-0.0027074775691546954
2021-09-28,-0.016331642804699353
2021-09-29,0.003923236079220473
2021-09-30,-0.01422729034571675
2021-10-01,0.008054434692749718
2021-10-04,-0.007636011904943015
2021-10-05,0.008106101539566153
2021-10-06,0.0040456528426485415
2021-10-07,0.008483303017869334
2021-10-08,-0.0029198473777389045
2021-10-11,-0.006036636652429727
2021-10-12,-0.000491325398933935
2021-10-13,0.0034202355790600245
2021-10-14,0.01605360236215865
2021-10-15,0.0060120231115081794
2021-10-18,-0.0008580035139538467
2021-10-19,0.007106884665813079
2021-10-20,0.007393414465493644
2021-10-21,0.0021653918022755667
2021-10-22,0.003387785991849513
2021-10-25,0.004060748724484078
2021-10-26,0.002072461944677128
2021-10-27,-0.007678486340746969
2021-10-28,0.009297124522522291
2021-10-29,0.0010483250026255067
2021-11-01,0.002837332852867908
2021-11-02,0.004452146446131821
2021-11-03,0.006108402239492218
2021-11-04,0.0003566673109940974
2021-11-05,0.0028653112402153144
2021-11-08,5.762474758226145e-05
2021-11-09,-0.0020552605993420627
2021-11-10,-0.0019976455942525154
2021-11-11,-0.0003470901933398246
2021-11-12,0.0046238009616753175
2021-11-15,0.00026055025475551217
2021-11-16,0.002000771194760443
2021-11-17,-0.0022320816126270163
2021-11-18,0.00014517370073228287
2021-11-19,-0.0018334423502442976
2021-11-22,0.001356700406746016
2021-11-23,0.002235738838993187
2021-11-24,-0.0005715029580227785
2021-11-26,-0.018515689254304222
2021-11-29,0.007957621241833539
2021-11-30,-0.02120316024240487
2021-12-01,-0.008287440804575141
2021-12-02,0.015252410469249305
2021-12-03,-0.003054624838564034
2021-12-06,0.012713443088489259
2021-12-07,0.014946180161950208
2021-12-08,0.0019066545778780328
2021-12-09,-0.003591121857947347
2021-12-10,0.007900291648352464
2021-12-13,-0.0025246125318484766
2021-12-14,-0.0043059441501986885
2021-12-15,0.01309460067801926
2021-12-16,-0.0002948006470146939
2021-12-17,-0.012593240187993477
2021-12-20,-0.010120126671930492
2021-12-21,0.012110133349715054
2021-12-22,0.008881118400613274
2021-12-23,0.006298817338432565
2021-12-27,0.011589215129197425
2021-12-28,0.0019118028624643033
2021-12-29,0.00317228692438809
2021-12-30,-0.0017828018809086389
2021-12-31,0.00042436422901813144
2022-01-03,0.00015435912038820905
2022-01-04,0.0026510438599881975
2022-01-05,-0.01039349883487393
2022-01-06,-0.003862551255297441
2022-01-07,-0.001811634976024586
2022-01-10,-0.0031272980878438938
2022-01-11,0.005790259690994025
2022-01-12,0.0026122004956073016
2022-01-13,-0.00854262833060785
2022-01-14,-0.0031256366083319033
2022-01-18,-0.01607087660144636
2022-01-19,-0.0064125831494852145
2022-01-20,-0.009312817479714245
2022-01-21,-0.013588242309263775
2022-01-24,0.0008301614987543043
2022-01-25,-0.010539516615844985
2022-01-26,-0.004688724738144065
2022-01-27,-0.002706836040403411
2022-01-28,0.01715696766576857
2022-01-31,0.014459947234191708
2022-02-01,0.0048052140782392444
2022-02-02,0.00802636562921633
2022-02-03,-0.01283444756362225
2022-02-04,-0.0008122604547309314
2022-02-07,-0.0013299066651105704
2022-02-08,0.009575963960122369
2022-02-09,0.0106295143957099
2022-02-10,-0.015498197869383907
2022-02-11,-0.014798493878862019
2022-02-14,-0.0052875395186466004
2022-02-15,0.012673619920510833
2022-02-16,0.0024886519095469704
2022-02-17,-0.01508011348025921
2022-02-18,-0.004372468418865591
2022-02-22,-0.00919820157824531
2022-02-23,-0.015766816016382797
2022-02-24,0.005266058841573135
2022-02-25,0.027998435052207688
2022-02-28,-0.004015203046902603
2022-03-01,-0.014534835938863327
2022-03-02,0.01824078350850439
2022-03-03,0.0005323267226446845
2022-03-04,0.00252720587297322
2022-03-07,-0.01730174540508756
2022-03-08,-0.00988374493979196
2022-03-09,0.013499566837823586
2022-03-10,0.0006793023365066564
2022-03-11,-0.0077749831607148824
2022-03-14,-0.002972208085137381
2022-03-15,0.004966088516070546
2022-03-16,0.007705716367714639
2022-03-17,0.017191759873616742
2022-03-18,0.0018526281133131686
2022-03-21,0.010726696860168566
2022-03-22,0.00261992580656165
2022-03-23,-0.004429348792891974
2022-03-24,0.008962357487228966
2022-03-25,0.011814240570054244
2022-03-28,-0.003574022073843949
2022-03-29,0.005029429745885664
2022-03-30,0.002616088420819944
2022-03-31,-0.011161284274397703
2022-04-01,0.0062427582333084335
2022-04-04,-0.003221405302150365
2022-04-05,-0.00545867578417813
2022-04-06,0.005290165895605159
2022-04-07,0.009246844266216117
2022-04-08,0.009448517660447086
2022-04-11,-0.014049730042657664
2022-04-12,0.0007890309091519961
2022-04-13,0.007584775757300473
2022-04-14,-0.0019720043001579014
2022-04-18,-0.00031067812070268775
2022-04-19,0.007522594509370836
2022-04-20,0.008590492502249844
2022-04-21,-0.015780744498869088
2022-04-22,-0.02689853852654224
2022-04-25,-0.006184196414914223
2022-04-26,-0.01338759992069711
2022-04-27,0.004809384634577956
2022-04-28,0.01716453913155598
2022-04-29,-0.026768035959830155
2022-05-02,-0.000678164082219906
2022-05-03,0.010272693007811917
2022-05-04,0.029367960896335015
2022-05-05,-0.0205606570494562
2022-05-06,0.0038021711971862856
2022-05-09,-0.03326458912090128
2022-05-10,-0.0018738735707906884
2022-05-11,-0.00021845312400364998
2022-05-12,0.0010058924434869216
2022-05-13,0.017807308539042284
2022-05-16,0.007021557824765431
2022-05-17,0.014050036320651932
2022-05-18,-0.031656961919943515
2022-05-19,-0.004060880304219412
2022-05-20,0.0023218805118020167
2022-05-23,0.019247275172577558
2022-05-24,0.004860420466851426
2022-05-25,0.006521088221031262
2022-05-26,0.011971480216308412
2022-05-27,0.017394378054615287
2022-05-31,-0.011327362482516552
2022-06-01,-0.00486616182526722
2022-06-02,0.010355086266496397
2022-06-03,-0.004443123970309822
2022-06-06,0.0021229295405954538
2022-06-07,0.013769746069236205
2022-06-08,-0.01109806436207595
2022-06-09,-0.021630569467601952
2022-06-10,-0.019082388315747486
2022-06-13,-0.03639381948030378
2022-06-14,-0.007801279596867541
2022-06-15,0.00021961221365191327
2022-06-16,-0.029034864141139663
2022-06-17,-0.013873966807691738
2022-06-21,0.028573305281656587
2022-06-22,-0.007428083795099645
2022-06-23,-0.0010921879321081989
2022-06-24,0.023198745165950906
2022-06-27,0.006141576953950489
2022-06-28,-0.0033662383400819744
2022-06-29,-0.007074844392097976
2022-06-30,-0.0058688372205971204
2022-07-01,0.01338012633122616
2022-07-05,-0.018617918723219717
2022-07-06,8.760305765303004e-05
2022-07-07,0.012812736936545055
2022-07-08,-0.0019042937729924797
2022-07-11,-0.00414735430895652
2022-07-12,-0.00905257687348857
2022-07-13,-0.0056114863451329905
2022-07-14,-0.009471276029117025
2022-07-15,0.016385322454140133
2022-07-18,-0.0027802821625566004
2022-07-19,0.023094768127844754
2022-07-20,-0.0006747092060968133
2022-07-21,0.0030847639346671903
2022-07-22,-0.0021296977191596622
2022-07-25,0.012870028920980974
2022-07-26,-0.0036088210634280366
2022-07-27,0.012094683120864765
2022-07-28,0.01351716415699121
2022-07-29,0.014083548793538453
2022-08-01,-0.0059039763233580825
2022-08-02,-0.00610915406869413
2022-08-03,-0.0001356697646365166
2022-08-04,-0.009843866316200774
2022-08-05,0.00499914306894715
2022-08-08,0.0022235520284354976
2022-08-09,0.00381937137673633
2022-08-10,0.013375544667018038
2022-08-11,0.00826897596762636
2022-08-12,0.01265270359005817
2022-08-15,-0.0009024879671317668
2022-08-16,0.002755715016090265
2022-08-17,-0.0028641462581890306
2022-08-18,0.006851952324203208
2022-08-19,-0.005700205076793754
2022-08-22,-0.012202746557459086
2022-08-23,0.0048287467463523455
2022-08-24,0.004847766220245645
2022-08-25,0.011150664398466379
2022-08-26,-0.02385895697945404
2022-08-29,-5.090334701911693e-05
2022-08-30,-0.015832972317108868
2022-08-31,-0.007976127578125335
2022-09-01,-0.0008703935917984214
2022-09-02,-0.003806436837480093
2022-09-06,-0.0028409765040936508
2022-09-07,0.013476569684503583
2022-09-08,0.007393285517910896
2022-09-09,0.013244285997937852
2022-09-12,0.009554724763587239
2022-09-13,-0.03197437720606984
2022-09-14,0.005242654094282427
2022-09-15,-0.01055764338877034
2022-09-16,-0.010418074286232632
2022-09-19,0.005946845193580526
2022-09-20,-0.011282251149439183
2022-09-21,-0.01472993346384859
2022-09-22,-0.005158785130491553
2022-09-23,-0.02605255934095922
2022-09-26,-0.014429142670922036
2022-09-27,-0.002874886619765073
2022-09-28,0.0245460030496164
2022-09-29,-0.013041369671131491
2022-09-30,-0.011730289012184699
2022-10-03,0.03207083145033658
2022-10-04,0.03060631219981255
2022-10-05,-0.0005180059738861963
2022-10-06,-0.008031494833919574
2022-10-07,-0.017709171503679653
2022-10-10,-0.005016112816375023
2022-10-11,-0.002189063802676478
2022-10-12,-0.0037645828999432977
2022-10-13,0.028935382407348928
2022-10-14,-0.02171107334143316
2022-10-17,0.01764111813742994
2022-10-18,0.013399214037257391
2022-10-19,-0.0021504816578386075
2022-10-20,-0.010800058484134846
2022-10-21,0.02518985935474802
2022-10-24,0.010652336308264268
2022-10-25,0.011220177926314093
2022-10-26,0.007594788565326043
2022-10-27,0.002591030364551213
2022-10-28,0.016429979290507213
2022-10-31,-0.0020718053104158323
2022-11-01,0.002686796697065815
2022-11-02,-0.018476866816209726
2022-11-03,0.004108905832599276
2022-11-04,0.013902346758259384
2022-11-07,0.008487878572638718
2022-11-08,0.005872623111041798
2022-11-09,-0.020580656076431864
2022-11-10,0.0345795096378043
2022-11-11,0.004886500393395654
2022-11-14,-0.0046206780116126184
2022-11-15,0.005230032750792704
2022-11-16,-0.005444837450267177
2022-11-17,-0.0032675506744522715
2022-11-18,0.006824521726515409
2022-11-21,-3.554336276232176e-05
2022-11-22,0.015110015541449575
2022-11-23,0.0013266437266324918
2022-11-25,0.0018177710241634062
2022-11-28,-0.015594663744190216
2022-11-29,0.0032753635664835475
2022-11-30,0.017696207575343532
2022-12-01,-0.0013548648383404501
2022-12-02,0.0006960298724560897
2022-12-05,-0.01768880578089897
2022-12-06,-0.010918148820650883
2022-12-07,0.00043011984334901467
2022-12-08,0.003826461985435968
2022-12-09,-0.011905253505169716
2022-12-12,0.016131685821483548
2022-12-13,0.007182769080874904
2022-12-14,-0.0040581445003030035
2022-12-15,-0.016934101563081057
2022-12-16,-0.009879430168408266
2022-12-19,-0.0035976142849595276
2022-12-20,0.00455635522089421
2022-12-21,0.014477735725917198
2022-12-22,-0.009801739061019976
2022-12-23,0.011032536169096531
2022-12-27,0.003566205049359529
2022-12-28,-0.01255193639255034
2022-12-29,0.00997808704644567
2022-12-30,-0.0024957470757646294
2023-01-03,-0.008398988880516094
2023-01-04,0.006674324856434076
2023-01-05,-0.005405338898793291
2023-01-06,0.021224925403691818
2023-01-09,-0.005063458319342895
2023-01-10,0.005462179839179399
2023-01-11,0.006557722454506144
2023-01-12,0.003077623675202777
2023-01-13,0.0029068291489287865
2023-01-17,-0.0033098450844562585
2023-01-18,-0.01893410129382727
2023-01-19,-0.003548126681464733
2023-01-20,0.010459995425546934
2023-01-23,0.004328474100318499
2023-01-24,-0.00023782914357831935
2023-01-25,-0.00045006927636693145
2023-01-26,0.008957930821333107
2023-01-27,-0.006162017226142555
2023-01-30,-0.009589376765532575
2023-01-31,0.012696300325633389
2023-02-01,-0.0005680815905527495
2023-02-02,-0.006621819451061765
2023-02-03,-0.006542913822276498
2023-02-06,-0.0026224223242542347
2023-02-07,0.01099205932226714
2023-02-08,-0.0075376841128448994
2023-02-09,-0.009519292045677065
2023-02-10,0.015494125041287311
2023-02-13,0.006205476780436751
2023-02-14,-0.0034844501407906734
2023-02-15,-0.0025566833489055257
2023-02-16,-0.009520378665679103
2023-02-17,-0.0034729721145536356
2023-02-21,-0.012807630482357614
2023-02-22,-0.002331613822210541
2023-02-23,0.003932182236234963
2023-02-24,-0.0036120163910950817
2023-02-27,0.0005300619848614507
2023-02-28,-0.007160524370244475
2023-03-01,0.0022781053287191616
2023-03-02,0.009087910607521012
2023-03-03,0.011657477520711095
2023-03-06,-0.0010423132081071559
2023-03-07,-0.0166598885176341
2023-03-08,-0.001957803723990201
2023-03-09,-0.01632089511994436
2023-03-10,-0.013061990250867692
2023-03-13,-0.006513210852529521
2023-03-14,0.011458565070026655
2023-03-15,-0.019108814481398024
2023-03-16,0.00989763823925365
2023-03-17,-0.015211742682730782
2023-03-20,0.014754994662026875
2023-03-21,0.012213494745146092
2023-03-22,-0.0177384323204111
2023-03-23,-0.006249689354811291
2023-03-24,0.010513589625432073
2023-03-27,0.009735109796753835
2023-03-28,0.0038132270595788594
2023-03-29,0.010684589358004742
2023-03-30,0.0036611359693592685
2023-03-31,0.010078109801726387
2023-04-03,0.013481990509837744
2023-04-04,-0.008895409785468118
2023-04-05,0.008268739802570594
2023-04-06,-0.001927877786908817
2023-04-10,0.0032242291333907467
2023-04-11,0.00577776812371102
2023-04-12,-0.00031370441389847424
2023-04-13,0.007367251315794935
2023-04-14,-0.0030885877276672744
2023-04-17,0.0014818356558754086
2023-04-18,0.0007315089644569371
2023-04-19,0.0003973401785496379
2023-04-20,-0.0031313514530448266
2023-04-21,-0.0002567449084766569
2023-04-24,0.006362558580788352
2023-04-25,-0.01297358007279081
2023-04-26,-0.013780403541691461
2023-04-27,0.010150295513250232
2023-04-28,0.009472257896384546
2023-05-01,-0.0009349475495747793
2023-05-02,-0.016900217632306376
2023-05-03,-0.008826519805395457
2023-05-04,-0.007011905183933529
2023-05-05,0.016103843967535936
2023-05-08,-0.0017605847434384876
2023-05-09,-0.003010471422994961
2023-05-10,-0.0022044511876516985
2023-05-11,-0.005822911636987765
2023-05-12,0.0010068146022925147
2023-05-15,0.001544666291176632
2023-05-16,-0.014952842202221941
2023-05-17,0.008954942457616553
2023-05-18,0.002409844838924908
2023-05-19,0.0021395237634367747
2023-05-22,-0.0032381207674695997
2023-05-23,-0.005569457157464523
2023-05-24,-0.006132661980283476
2023-05-25,-0.008507192166973243
2023-05-26,0.002125128293866594
2023-05-30,-0.006174955578225508
2023-05-31,-0.0048974432079835145
2023-06-01,0.0072933283020311475
2023-06-02,0.017429692029305395
2023-06-05,-0.0023894716168423816
2023-06-06,0.0005768205976258404
2023-06-07,0.0038836451887410387
2023-06-08,0.004019314159357941
2023-06-09,-0.000777970056421241
2023-06-12,0.004266656694276363
2023-06-13,0.0064780051576211126
2023-06-14,-0.0015498968811603804
2023-06-15,0.012572031006947381
2023-06-16,-0.0011488072741281969
2023-06-20,-0.008721379688842784
2023-06-21,0.00039549159528239655
2023-06-22,-0.00033991448420939076
2023-06-23,-0.007603993901648517
2023-06-26,0.002373226941252505
2023-06-27,0.006653833037843384
2023-06-28,-0.002368363451492252
2023-06-29,0.006162373565273358
2023-06-30,0.010296181974761348
2023-07-03,0.0008232199172330773
2023-07-05,-0.003298139344074664
2023-07-06,-0.008413296550223489
2023-07-07,-0.0021555974729293823
2023-07-10,0.0044737413663048994
2023-07-11,0.007478410576852249
2023-07-12,0.005566049856500879
2023-07-13,0.003798086737484844
2023-07-14,-0.0016189293954078884
2023-07-17,0.0007923444748564166
2023-07-18,0.005838322942362597
2023-07-19,0.0036311954861184934
2023-07-20,0.005517527130180556
2023-07-21,0.004243308105213435
2023-07-24,0.003352435520690329
2023-07-25,0.003211061041634869
2023-07-26,-0.0012837825569219491
2023-07-27,-0.008196889197036449
2023-07-28,0.005936159202169349
2023-07-31,0.0014755134602274008
2023-08-01,-0.00327608614090023
2023-08-02,-0.00800861215097079
2023-08-03,-0.004230546553224239
2023-08-04,-0.006690743969453403
2023-08-07,0.0070176620146185946
2023-08-08,-0.0016544885241595916
2023-08-09,-0.0013034165432538986
2023-08-10,-0.0009164682288791796
2023-08-11,0.0027756348148160726
2023-08-14,0.0014560040443814108
2023-08-15,-0.012127580096244534
2023-08-16,-0.005340050518573301
2023-08-17,-0.004882762674467315
2023-08-18,0.0027955102017746835
2023-08-21,0.001038644833394549
2023-08-22,-0.0034432205176441106
2023-08-23,0.006895696818025473
2023-08-24,-0.010333710864428587
2023-08-25,0.007543540219886215
2023-08-28,0.005201824818670955
2023-08-29,0.009229086377172178
2023-08-30,0.0022801037792487735
2023-08-31,-0.0039749008909861164
2023-09-01,0.003898125696453672
2023-09-05,-0.007395114368699843
2023-09-06,-0.0035257947531766648
2023-09-07,-0.0009981183779738687
2023-09-08,0.002295077772192615
2023-09-11,0.0030199068383454006
2023-09-12,-0.0017027505009846375
2023-09-13,9.279626242041919e-05
2023-09-14,0.009006394504666858
2023-09-15,-0.010159127216014545
2023-09-18,0.001551859181939764
2023-09-19,-0.002573509884369842
2023-09-20,-0.005353326758444057
2023-09-21,-0.013458800008151053
2023-09-22,-0.0018429552107794176
2023-09-25,0.0038113141200546937
2023-09-26,-0.013375892794776897
2023-09-27,-8.09994431749581e-05
2023-09-28,0.0023448668168197817
2023-09-29,-0.005062799304258399
2023-10-02,-0.00906354767271711
2023-10-03,-0.006962423552449082
2023-10-04,0.0019317736580829518
2023-10-05,-0.0038555052856078242
2023-10-06,0.00963895611635657
2023-10-09,0.00872742329287771
2023-10-10,0.006131134841426829
2023-10-11,0.0007915145793387212
2023-10-12,-0.006976169740106107
2023-10-13,0.0027403906295871954
2023-10-16,0.00919881065015015
2023-10-17,0.001858331942984216
2023-10-18,-0.00850545503139743
2023-10-19,-0.008093442487814916
2023-10-20,-0.010608748845527673
2023-10-23,-0.005881823378119191
2023-10-24,0.006046283806825881
2023-10-25,-0.0055435684925392616
2023-10-26,-0.006619237404020954
2023-10-27,-0.011620686660459786
2023-10-30,0.009897343423665342
2023-10-31,0.006183788468425571
2023-11-01,0.00550402540272023
2023-11-02,0.0190624145748096
2023-11-03,0.005385424214096227
2023-11-06,0.0002549341588796658
2023-11-07,-0.002623936992404872
2023-11-08,-0.0015641621366993342
2023-11-09,-0.008391107556968641
2023-11-10,0.012012415056729963
2023-11-13,0.00014350566250385596
2023-11-14,0.01711708475889429
2023-11-15,0.0019293024142221088
2023-11-16,-0.0013206829867248894
2023-11-17,0.0031330848292884335
2023-11-20,0.004347779572583831
2023-11-21,0.0002505573580384973
2023-11-22,0.0038064780128880165
2023-11-24,0.0028205564334519125
2023-11-27,-0.002922713722332296
2023-11-28,0.00013835662917947354
2023-11-29,-0.0013530087894999452
2023-11-30,0.00821220140264855
2023-12-01,0.006734720771260738
2023-12-04,-0.003209330210814809
2023-12-05,-0.005329684058080056
2023-12-06,-0.0022441632813441324
2023-12-07,0.002376489790121591
2023-12-08,0.0030176287045315213
2023-12-11,0.0070390817090044185
2023-12-12,0.0018553903008210685
2023-12-13,0.016679942943560074
2023-12-14,0.0020633257457513157
2023-12-15,-0.003996180082422092
2023-12-18,0.0034769883639433055
2023-12-19,0.006402409991951348
2023-12-20,-0.01574661471617579
2023-12-21,0.008707964378152688
2023-12-22,0.004120577398279358
2023-12-26,0.0048590626435582596
2023-12-27,0.0014607780116187425
2023-12-28,-0.00033669640975503604
2023-12-29,-0.0010870606611852129
2024-01-02,0.0023606478991819624
2024-01-03,-0.003893960408787505
2024-01-04,-0.002711209032215055
2024-01-05,0.000515950847714112
2024-01-08,0.008128855472346947
2024-01-09,-0.0037340503507565788
2024-01-10,0.0015354486850095248
2024-01-11,-0.0020257542270487082
2024-01-12,0.0023895216958353827
2024-01-16,-0.007962461315736604
2024-01-17,-0.005227055073202491
2024-01-18,0.003970670893701781
2024-01-19,0.00728912107550836
2024-01-22,0.002384568739039875
2024-01-23,0.002914951049333831
2024-01-24,-0.0036209395998007725
2024-01-25,0.007476780892468344
2024-01-26,5.0805900420291095e-05
2024-01-29,0.0061921817142386185
2024-01-30,0.001301683982317931
2024-01-31,-0.01079535999705809
2024-02-01,0.013453651988991271
2024-02-02,0.0006618446969869121
2024-02-05,-0.004655654077961855
2024-02-06,0.004291361818600915
2024-02-07,0.005567246470383084
2024-02-08,-5.9594851724054165e-05
2024-02-09,0.0016122418471193444
2024-02-12,0.0024145180208775697
2024-02-13,-0.012834286756109982
2024-02-14,0.007458213608182194
2024-02-15,0.008808511439470965
2024-02-16,-0.0020669543065769055
2024-02-20,-0.002954006930262697
2024-02-21,0.0030904825381641346
2024-02-22,0.012784981661792335
2024-02-23,0.002488421378603346
2024-02-26,-0.0040715402151272825
2024-02-27,0.001977553316031299
2024-02-28,-0.0009102981453253836
2024-02-29,0.0018855469882035408
2024-03-01,0.007252705443659337
2024-03-04,0.0018631000795991987
2024-03-05,-0.007974659471098442
2024-03-06,0.007071540002894172
2024-03-07,0.008230499649853817
2024-03-08,-0.004981310693566964
2024-03-11,0.0014790046629232392
2024-03-12,0.006240826934304304
2024-03-13,0.00027118825336421715
2024-03-14,-0.0033389285063103423
2024-03-15,-0.00410647194684723
2024-03-18,0.0035106589890796323
2024-03-19,0.006088986798139631
2024-03-20,0.005565064430586396
2024-03-21,0.00275647052603484
2024-03-22,-0.0025748861196690084
2024-03-25,-0.0021496834907694874
2024-03-26,-0.0019973091869902346
2024-03-27,0.012432050545458746
2024-03-28,0.0017426873784583208
2024-04-01,-0.003763644925108263
2024-04-02,-0.006209081449485638
2024-04-03,-0.00020365390114443428
2024-04-04,-0.010004753908049202
2024-04-05,0.00860331702951649
2024-04-08,-0.0006842229150380239
2024-04-09,0.002603289722703216
2024-04-10,-0.010413239240809655
2024-04-11,0.002797887967282408
2024-04-12,-0.013455659431472656
2024-04-15,-0.008500801719869002
2024-04-16,-0.002777093445510289
2024-04-17,-0.0015374551613891604
2024-04-18,-0.0017651174584238966
2024-04-19,0.0004890569433707671
2024-04-22,0.007458350796633937
2024-04-23,0.008875476042047874
2024-04-24,0.0013165678283598445
2024-04-25,-0.001302807567428035
2024-04-26,0.0011586185085426966
2024-04-29,0.0051128508336906325
2024-04-30,-0.012131602447712346
2024-05-01,-0.002793610791342539
2024-05-02,0.0058796074970548715
2024-05-03,0.009896975603628408
2024-05-06,0.007222968411947044
2024-05-07,0.004853176364642779
2024-05-08,0.0005343826348842742
2024-05-09,0.007716115996321815
2024-05-10,0.0020905766849302126
2024-05-13,-0.0004977075512556081
2024-05-14,0.003462239950054366
2024-05-15,0.011480328680955361
2024-05-16,-0.000674607281136877
2024-05-17,0.0017763171751768937
2024-05-20,-2.7613856433345366e-05
2024-05-21,0.0023096968316671704
2024-05-22,-0.003069253968468153
2024-05-23,-0.011083678708597033
2024-05-24,0.004376449310991059
2024-05-28,-0.004452259905233014
2024-05-29,-0.009659055614072973
2024-05-30,-0.001651829981889448
2024-05-31,0.012230384104835654
2024-06-03,-0.003152916668627947
2024-06-04,0.00029597843995027024
2024-06-05,0.007045924689006719
2024-06-06,-0.001013165851775502
2024-06-07,-0.0014457211154422357
2024-06-10,0.0030068099917599685
2024-06-11,0.001163244758748113
2024-06-12,0.002957642600745309
2024-06-13,0.0007161887095678372
2024-06-14,-0.001614463961847553
2024-06-17,0.006173229072342501
2024-06-18,0.0020980044565158795
2024-06-20,0.00035784380267557493
2024-06-21,-0.001246799495293394
2024-06-24,0.0016050469536126929
2024-06-25,-0.0003624497417375455
2024-06-26,-0.0031996018085385615
2024-06-27,-0.0006495683681783823
2024-06-28,-0.0014935177481221636
2024-07-01,-0.0029985440395896975
2024-07-02,0.003557172359820892
2024-07-03,0.002920544571341159
2024-07-05,0.0028517952090638377
2024-07-08,0.0009756280932689952
2024-07-09,-0.0003754382598523231
2024-07-10,0.009491213302916215
2024-07-11,0.00042198069136011734
2024-07-12,0.006405127174475601
2024-07-15,-0.0007513663975082709
2024-07-16,0.009435988053307101
2024-07-17,-0.006650635853884326
2024-07-18,-0.007687126294665401
2024-07-19,-0.005717181951896476
2024-07-22,0.00904993911315385
2024-07-23,-0.003060902960684144
2024-07-24,-0.011339788380675892
2024-07-25,-0.002023021096906623
2024-07-26,0.010941337767498994
2024-07-29,-0.0011773684212283066
2024-07-30,-0.004110973066031945
2024-07-31,0.012259807867186834
2024-08-01,-0.008791771065840972
2024-08-02,-0.012907468048548035
2024-08-05,-0.025800762402863442
2024-08-06,0.009329185825864346
2024-08-07,-0.006179704523885164
2024-08-08,0.020900521921216202
2024-08-09,0.0030759834866047452
2024-08-12,-0.0003096963248877152
2024-08-13,0.012737500554477732
2024-08-14,0.004406071975139198
2024-08-15,0.013512720485146814
2024-08-16,0.0018792606043450712
2024-08-19,0.008107057826873066
2024-08-20,-0.0020541911109270244
2024-08-21,0.0047779031771326
2024-08-22,-0.00526025915508034
2024-08-23,0.008987808192567844
2024-08-26,-0.00039718944579589444
2024-08-27,0.0011584439253799152
2024-08-28,-0.004167666471146539
2024-08-29,0.0008442424213603001
2024-08-30,0.009292342685536227
2024-09-03,-0.016473968811689693
2024-09-04,-0.0003960025447978542
2024-09-05,-0.007100210929188905
2024-09-06,-0.011974685684514501
2024-09-09,0.011370475741687274
2024-09-10,0.0031509476430180484
2024-09-11,0.0057968564576495706
2024-09-12,0.005984739633919369
2024-09-13,0.00632010058744662
2024-09-16,0.0047767081334082915
2024-09-17,-0.0019143415798213495
2024-09-18,-0.004276062081245839
2024-09-19,0.010830230442237729
2024-09-20,-4.7367773222615726e-05
2024-09-23,0.003397880434779915
2024-09-24,0.0009714292444081144
2024-09-25,-0.0038285855878591175
2024-09-26,0.00439619680761064
2024-09-27,0.0005782020992240842
2024-09-30,0.0033432401269625433
2024-10-01,-0.005484565957193659
2024-10-02,0.000503516872486373
2024-10-03,-0.0028198185775127043
2024-10-04,0.0061435324628665265
2024-10-07,-0.007446854365985639
2024-10-08,0.00494465969101647
2024-10-09,0.007220245711138584
2024-10-10,-0.0019663895596566026
2024-10-11,0.007905013262220496
2024-10-14,0.007529540455686534
2024-10-15,-0.009166720862378342
2024-10-16,0.005852821568759407
2024-10-17,-0.001673631913088656
2024-10-18,0.0030979281242124695
2024-10-21,-0.0045618674631808555
2024-10-22,-0.0020135212797621543
2024-10-23,-0.004537655819707931
2024-10-24,-0.002947753912652719
2024-10-25,-0.0041573574127952775
2024-10-28,0.0027045818961322103
2024-10-29,-0.0029866331794000047
2024-10-30,-0.00393851908577555
2024-10-31,-0.011298969413214517
2024-11-01,0.0006026423947872734
2024-11-04,-0.0016245260247176646
2024-11-05,0.010357104037771217
2024-11-06,0.016169673120208748
2024-11-07,0.004247566181783241
2024-11-08,0.006632722697478244
2024-11-11,-0.0005942227792506134
2024-11-12,-0.0061191297414068474
2024-11-13,-0.00016321333531495814
2024-11-14,-0.007017758181147255
2024-11-15,-0.010082262759520372
2024-11-18,0.004232739753363112
2024-11-19,0.0004828916366186012
2024-11-20,0.002565902503239314
2024-11-21,0.01102328101399411
2024-11-22,0.003964827663118637
2024-11-25,0.003232020998830283
2024-11-26,0.004186554296784146
2024-11-27,-0.0021791745708181374
2024-11-29,0.0049324223600196206
2024-12-02,-0.0028056830493355706
2024-12-03,-0.0027115383077061864
2024-12-04,0.0017696776540809627
2024-12-05,-0.004238993144457651
2024-12-06,-0.002272976907731124
2024-12-09,-0.004979772887022715
2024-12-10,-0.0052019429396643925
2024-12-11,0.0005852749270400319
2024-12-12,-0.0046141431618867725
2024-12-13,0.00028879309012841544
2024-12-16,0.001479601993223736
2024-12-17,-0.0038776399353896594
2024-12-18,-0.030493917038392184
2024-12-19,-0.0016765018790864585
2024-12-20,0.010057670762663201
2024-12-23,0.0032109635304952743
2024-12-24,0.011296612390842906
2024-12-26,-0.00025278156592337646
2024-12-27,-0.009208443070558592
2024-12-30,-0.011061259211143636
2024-12-31,-0.002063478334162847
