,EqualWeight_weekly,Markowitz_CVXPY_weekly
2013-01-08,0.0,0.0
2013-01-09,0.0,0.0
2013-01-10,0.0,0.0
2013-01-11,0.0,0.0
2013-01-14,0.0019372739709372436,0.6315741580348863
2013-01-15,0.0,0.0
2013-01-16,0.0,0.0
2013-01-17,0.0,0.0
2013-01-18,0.0,0.0
2013-01-22,0.003945014242137605,0.06472483711603104
2013-01-23,0.0,0.0
2013-01-24,0.0,0.0
2013-01-25,0.0,0.0
2013-01-28,0.002672995584059354,0.008748916024590402
2013-01-29,0.0,0.0
2013-01-30,0.0,0.0
2013-01-31,0.0,0.0
2013-02-01,0.0,0.0
2013-02-04,0.0037874169348844564,0.03411879886888121
2013-02-05,0.0,0.0
2013-02-06,0.0,0.0
2013-02-07,0.0,0.0
2013-02-08,0.0,0.0
2013-02-11,0.0015320601190044678,0.002184478583921831
2013-02-12,0.0,0.0
2013-02-13,0.0,0.0
2013-02-14,0.0,0.0
2013-02-15,0.0,0.0
2013-02-19,0.0020257728584080897,0.02226931531555592
2013-02-20,0.0,0.0
2013-02-21,0.0,0.0
2013-02-22,0.0,0.0
2013-02-25,0.00460936657801312,0.028930457047217743
2013-02-26,0.0,0.0
2013-02-27,0.0,0.0
2013-02-28,0.0,0.0
2013-03-01,0.0,0.0
2013-03-04,0.002947961803157949,0.004170109083214161
2013-03-05,0.0,0.0
2013-03-06,0.0,0.0
2013-03-07,0.0,0.0
2013-03-08,0.0,0.0
2013-03-11,0.003278167299326354,0.0009259501331165959
2013-03-12,0.0,0.0
2013-03-13,0.0,0.0
2013-03-14,0.0,0.0
2013-03-15,0.0,0.0
2013-03-18,0.0021133203472480447,0.002366812319040651
2013-03-19,0.0,0.0
2013-03-20,0.0,0.0
2013-03-21,0.0,0.0
2013-03-22,0.0,0.0
2013-03-25,0.004590332597454463,0.004481503465167583
2013-03-26,0.0,0.0
2013-03-27,0.0,0.0
2013-03-28,0.0,0.0
2013-04-01,0.003396815608398135,0.0027910980511997724
2013-04-02,0.0,0.0
2013-04-03,0.0,0.0
2013-04-04,0.0,0.0
2013-04-05,0.0,0.0
2013-04-08,0.0054127715716299415,0.003368708140502677
2013-04-09,0.0,0.0
2013-04-10,0.0,0.0
2013-04-11,0.0,0.0
2013-04-12,0.0,0.0
2013-04-15,0.0032614414999000488,0.002192152101905126
2013-04-16,0.0,0.0
2013-04-17,0.0,0.0
2013-04-18,0.0,0.0
2013-04-19,0.0,0.0
2013-04-22,0.007527945664524506,0.0024708566231896184
2013-04-23,0.0,0.0
2013-04-24,0.0,0.0
2013-04-25,0.0,0.0
2013-04-26,0.0,0.0
2013-04-29,0.0055481552987969515,0.002040136045776672
2013-04-30,0.0,0.0
2013-05-01,0.0,0.0
2013-05-02,0.0,0.0
2013-05-03,0.0,0.0
2013-05-06,0.005219196863259001,0.015061550008811667
2013-05-07,0.0,0.0
2013-05-08,0.0,0.0
2013-05-09,0.0,0.0
2013-05-10,0.0,0.0
2013-05-13,0.005328238832411562,0.03386083669039666
2013-05-14,0.0,0.0
2013-05-15,0.0,0.0
2013-05-16,0.0,0.0
2013-05-17,0.0,0.0
2013-05-20,0.0023159724221370886,0.03499572194227646
2013-05-21,0.0,0.0
2013-05-22,0.0,0.0
2013-05-23,0.0,0.0
2013-05-24,0.0,0.0
2013-05-28,0.003572987752264299,0.03153711761392827
2013-05-29,0.0,0.0
2013-05-30,0.0,0.0
2013-05-31,0.0,0.0
2013-06-03,0.005636266656381436,0.019964943613782482
2013-06-04,0.0,0.0
2013-06-05,0.0,0.0
2013-06-06,0.0,0.0
2013-06-07,0.0,0.0
2013-06-10,0.0019475377382139544,0.0094238130171784
2013-06-11,0.0,0.0
2013-06-12,0.0,0.0
2013-06-13,0.0,0.0
2013-06-14,0.0,0.0
2013-06-17,0.003368475346484004,0.009694375050515791
2013-06-18,0.0,0.0
2013-06-19,0.0,0.0
2013-06-20,0.0,0.0
2013-06-21,0.0,0.0
2013-06-24,0.0015463875452051898,0.029756275380171157
2013-06-25,0.0,0.0
2013-06-26,0.0,0.0
2013-06-27,0.0,0.0
2013-06-28,0.0,0.0
2013-07-01,0.004760771223111235,0.06524317383882519
2013-07-02,0.0,0.0
2013-07-03,0.0,0.0
2013-07-05,0.0,0.0
2013-07-08,0.004150254538796409,0.06739538486572283
2013-07-09,0.0,0.0
2013-07-10,0.0,0.0
2013-07-11,0.0,0.0
2013-07-12,0.0,0.0
2013-07-15,0.0027264980098889724,0.03174245039214719
2013-07-16,0.0,0.0
2013-07-17,0.0,0.0
2013-07-18,0.0,0.0
2013-07-19,0.0,0.0
2013-07-22,0.004545997678632646,0.02204719305460788
2013-07-23,0.0,0.0
2013-07-24,0.0,0.0
2013-07-25,0.0,0.0
2013-07-26,0.0,0.0
2013-07-29,0.002770513030722427,0.05422534313097044
2013-07-30,0.0,0.0
2013-07-31,0.0,0.0
2013-08-01,0.0,0.0
2013-08-02,0.0,0.0
2013-08-05,0.00308318115001463,0.016517763115838573
2013-08-06,0.0,0.0
2013-08-07,0.0,0.0
2013-08-08,0.0,0.0
2013-08-09,0.0,0.0
2013-08-12,0.0023815862899035783,0.011179705230798483
2013-08-13,0.0,0.0
2013-08-14,0.0,0.0
2013-08-15,0.0,0.0
2013-08-16,0.0,0.0
2013-08-19,0.0050955958614142885,0.04500716348047626
2013-08-20,0.0,0.0
2013-08-21,0.0,0.0
2013-08-22,0.0,0.0
2013-08-23,0.0,0.0
2013-08-26,0.0015404281891650481,0.010102408923894947
2013-08-27,0.0,0.0
2013-08-28,0.0,0.0
2013-08-29,0.0,0.0
2013-08-30,0.0,0.0
2013-09-03,0.003225110984334846,0.013697756408369156
2013-09-04,0.0,0.0
2013-09-05,0.0,0.0
2013-09-06,0.0,0.0
2013-09-09,0.003151620015515541,0.009420604351014446
2013-09-10,0.0,0.0
2013-09-11,0.0,0.0
2013-09-12,0.0,0.0
2013-09-13,0.0,0.0
2013-09-16,0.002857011654656079,0.0056556081673158135
2013-09-17,0.0,0.0
2013-09-18,0.0,0.0
2013-09-19,0.0,0.0
2013-09-20,0.0,0.0
2013-09-23,0.0018379110554816239,0.017972293475058174
2013-09-24,0.0,0.0
2013-09-25,0.0,0.0
2013-09-26,0.0,0.0
2013-09-27,0.0,0.0
2013-09-30,0.002897501829850338,0.008439412030032928
2013-10-01,0.0,0.0
2013-10-02,0.0,0.0
2013-10-03,0.0,0.0
2013-10-04,0.0,0.0
2013-10-07,0.002904885141681253,0.012951552188294954
2013-10-08,0.0,0.0
2013-10-09,0.0,0.0
2013-10-10,0.0,0.0
2013-10-11,0.0,0.0
2013-10-14,0.003669985076403849,0.048437939226122814
2013-10-15,0.0,0.0
2013-10-16,0.0,0.0
2013-10-17,0.0,0.0
2013-10-18,0.0,0.0
2013-10-21,0.0022617079736658094,0.003005590957380389
2013-10-22,0.0,0.0
2013-10-23,0.0,0.0
2013-10-24,0.0,0.0
2013-10-25,0.0,0.0
2013-10-28,0.00414856529707118,0.006737603769588882
2013-10-29,0.0,0.0
2013-10-30,0.0,0.0
2013-10-31,0.0,0.0
2013-11-01,0.0,0.0
2013-11-04,0.0036727170166954634,0.006314241204457774
2013-11-05,0.0,0.0
2013-11-06,0.0,0.0
2013-11-07,0.0,0.0
2013-11-08,0.0,0.0
2013-11-11,0.0023443252754205557,0.02341920209965314
2013-11-12,0.0,0.0
2013-11-13,0.0,0.0
2013-11-14,0.0,0.0
2013-11-15,0.0,0.0
2013-11-18,0.001933086711395575,0.014710943754638706
2013-11-19,0.0,0.0
2013-11-20,0.0,0.0
2013-11-21,0.0,0.0
2013-11-22,0.0,0.0
2013-11-25,0.00449249806330327,0.009339998965018708
2013-11-26,0.0,0.0
2013-11-27,0.0,0.0
2013-11-29,0.0,0.0
2013-12-02,0.004407382885360522,0.02122176407272392
2013-12-03,0.0,0.0
2013-12-04,0.0,0.0
2013-12-05,0.0,0.0
2013-12-06,0.0,0.0
2013-12-09,0.0017593141229161127,0.029691842756248813
2013-12-10,0.0,0.0
2013-12-11,0.0,0.0
2013-12-12,0.0,0.0
2013-12-13,0.0,0.0
2013-12-16,0.002675153294797991,0.018298940893369014
2013-12-17,0.0,0.0
2013-12-18,0.0,0.0
2013-12-19,0.0,0.0
2013-12-20,0.0,0.0
2013-12-23,0.002115545923298351,0.002356320794303821
2013-12-24,0.0,0.0
2013-12-26,0.0,0.0
2013-12-27,0.0,0.0
2013-12-30,0.0030115499162584186,0.014721855203255177
2013-12-31,0.0,0.0
2014-01-02,0.0,0.0
2014-01-03,0.0,0.0
2014-01-06,0.0026994338943522184,0.017730246173874357
2014-01-07,0.0,0.0
2014-01-08,0.0,0.0
2014-01-09,0.0,0.0
2014-01-10,0.0,0.0
2014-01-13,0.004180018039353736,0.024446516170356716
2014-01-14,0.0,0.0
2014-01-15,0.0,0.0
2014-01-16,0.0,0.0
2014-01-17,0.0,0.0
2014-01-21,0.0035786966230424433,0.01879280548233797
2014-01-22,0.0,0.0
2014-01-23,0.0,0.0
2014-01-24,0.0,0.0
2014-01-27,0.005346259122947193,0.01391885354127386
2014-01-28,0.0,0.0
2014-01-29,0.0,0.0
2014-01-30,0.0,0.0
2014-01-31,0.0,0.0
2014-02-03,0.005164240810648098,0.0073097607758470335
2014-02-04,0.0,0.0
2014-02-05,0.0,0.0
2014-02-06,0.0,0.0
2014-02-07,0.0,0.0
2014-02-10,0.002310159167391364,0.0017854649466239325
2014-02-11,0.0,0.0
2014-02-12,0.0,0.0
2014-02-13,0.0,0.0
2014-02-14,0.0,0.0
2014-02-18,0.003058609378701997,0.002745604697147505
2014-02-19,0.0,0.0
2014-02-20,0.0,0.0
2014-02-21,0.0,0.0
2014-02-24,0.002185232100235031,0.0035508493115178202
2014-02-25,0.0,0.0
2014-02-26,0.0,0.0
2014-02-27,0.0,0.0
2014-02-28,0.0,0.0
2014-03-03,0.002599959985891881,0.0027796523339957135
2014-03-04,0.0,0.0
2014-03-05,0.0,0.0
2014-03-06,0.0,0.0
2014-03-07,0.0,0.0
2014-03-10,0.004317306123225478,0.002637699086959655
2014-03-11,0.0,0.0
2014-03-12,0.0,0.0
2014-03-13,0.0,0.0
2014-03-14,0.0,0.0
2014-03-17,0.005705335449539974,0.005594786036719784
2014-03-18,0.0,0.0
2014-03-19,0.0,0.0
2014-03-20,0.0,0.0
2014-03-21,0.0,0.0
2014-03-24,0.004407246106152014,0.0010090642765620134
2014-03-25,0.0,0.0
2014-03-26,0.0,0.0
2014-03-27,0.0,0.0
2014-03-28,0.0,0.0
2014-03-31,0.005693378191626901,0.003861361381968881
2014-04-01,0.0,0.0
2014-04-02,0.0,0.0
2014-04-03,0.0,0.0
2014-04-04,0.0,0.0
2014-04-07,0.0024402331571668143,0.0031591391335858837
2014-04-08,0.0,0.0
2014-04-09,0.0,0.0
2014-04-10,0.0,0.0
2014-04-11,0.0,0.0
2014-04-14,0.006490486667370204,0.07077975285646461
2014-04-15,0.0,0.0
2014-04-16,0.0,0.0
2014-04-17,0.0,0.0
2014-04-21,0.0037389585709967504,0.010333090019221752
2014-04-22,0.0,0.0
2014-04-23,0.0,0.0
2014-04-24,0.0,0.0
2014-04-25,0.0,0.0
2014-04-28,0.003500054618541422,0.015352157315433851
2014-04-29,0.0,0.0
2014-04-30,0.0,0.0
2014-05-01,0.0,0.0
2014-05-02,0.0,0.0
2014-05-05,0.0024871477689602448,0.0236883190857613
2014-05-06,0.0,0.0
2014-05-07,0.0,0.0
2014-05-08,0.0,0.0
2014-05-09,0.0,0.0
2014-05-12,0.0018260667351667134,0.00695740409236556
2014-05-13,0.0,0.0
2014-05-14,0.0,0.0
2014-05-15,0.0,0.0
2014-05-16,0.0,0.0
2014-05-19,0.002246941279008499,0.00817065749406845
2014-05-20,0.0,0.0
2014-05-21,0.0,0.0
2014-05-22,0.0,0.0
2014-05-23,0.0,0.0
2014-05-27,0.003500211491227985,0.031481544051391835
2014-05-28,0.0,0.0
2014-05-29,0.0,0.0
2014-05-30,0.0,0.0
2014-06-02,0.0015504145593912971,0.014845431857141503
2014-06-03,0.0,0.0
2014-06-04,0.0,0.0
2014-06-05,0.0,0.0
2014-06-06,0.0,0.0
2014-06-09,0.0029148674415199263,0.0019786122657583644
2014-06-10,0.0,0.0
2014-06-11,0.0,0.0
2014-06-12,0.0,0.0
2014-06-13,0.0,0.0
2014-06-16,0.0034000295895849283,0.012868637815611386
2014-06-17,0.0,0.0
2014-06-18,0.0,0.0
2014-06-19,0.0,0.0
2014-06-20,0.0,0.0
2014-06-23,0.0034833175110538656,0.004582569611623857
2014-06-24,0.0,0.0
2014-06-25,0.0,0.0
2014-06-26,0.0,0.0
2014-06-27,0.0,0.0
2014-06-30,0.004107253745075812,0.00837952908581456
2014-07-01,0.0,0.0
2014-07-02,0.0,0.0
2014-07-03,0.0,0.0
2014-07-07,0.004880744391162609,0.02703381153344485
2014-07-08,0.0,0.0
2014-07-09,0.0,0.0
2014-07-10,0.0,0.0
2014-07-11,0.0,0.0
2014-07-14,0.003745171321725013,0.0020838488452527143
2014-07-15,0.0,0.0
2014-07-16,0.0,0.0
2014-07-17,0.0,0.0
2014-07-18,0.0,0.0
2014-07-21,0.0022879709788533875,0.001041300071776094
2014-07-22,0.0,0.0
2014-07-23,0.0,0.0
2014-07-24,0.0,0.0
2014-07-25,0.0,0.0
2014-07-28,0.0033555659480317274,0.002700789320469618
2014-07-29,0.0,0.0
2014-07-30,0.0,0.0
2014-07-31,0.0,0.0
2014-08-01,0.0,0.0
2014-08-04,0.0033159795555330815,0.0033545231834932743
2014-08-05,0.0,0.0
2014-08-06,0.0,0.0
2014-08-07,0.0,0.0
2014-08-08,0.0,0.0
2014-08-11,0.002649919063441371,0.02408514174197522
2014-08-12,0.0,0.0
2014-08-13,0.0,0.0
2014-08-14,0.0,0.0
2014-08-15,0.0,0.0
2014-08-18,0.0021998302344299614,0.02906913458347739
2014-08-19,0.0,0.0
2014-08-20,0.0,0.0
2014-08-21,0.0,0.0
2014-08-22,0.0,0.0
2014-08-25,0.0031715284845756364,0.13546803941597785
2014-08-26,0.0,0.0
2014-08-27,0.0,0.0
2014-08-28,0.0,0.0
2014-08-29,0.0,0.0
2014-09-02,0.002881615970463408,0.046208289357358594
2014-09-03,0.0,0.0
2014-09-04,0.0,0.0
2014-09-05,0.0,0.0
2014-09-08,0.002477417278726711,0.01167620071305588
2014-09-09,0.0,0.0
2014-09-10,0.0,0.0
2014-09-11,0.0,0.0
2014-09-12,0.0,0.0
2014-09-15,0.004862642653394485,0.051615063527916324
2014-09-16,0.0,0.0
2014-09-17,0.0,0.0
2014-09-18,0.0,0.0
2014-09-19,0.0,0.0
2014-09-22,0.002108227399356781,0.06991355285273829
2014-09-23,0.0,0.0
2014-09-24,0.0,0.0
2014-09-25,0.0,0.0
2014-09-26,0.0,0.0
2014-09-29,0.0026993658726774186,0.05016280411863765
2014-09-30,0.0,0.0
2014-10-01,0.0,0.0
2014-10-02,0.0,0.0
2014-10-03,0.0,0.0
2014-10-06,0.007231330385949614,0.011078423411643556
2014-10-07,0.0,0.0
2014-10-08,0.0,0.0
2014-10-09,0.0,0.0
2014-10-10,0.0,0.0
2014-10-13,0.008739906291742212,0.07445933206384402
2014-10-14,0.0,0.0
2014-10-15,0.0,0.0
2014-10-16,0.0,0.0
2014-10-17,0.0,0.0
2014-10-20,0.005776091885890441,0.05009339053647155
2014-10-21,0.0,0.0
2014-10-22,0.0,0.0
2014-10-23,0.0,0.0
2014-10-24,0.0,0.0
2014-10-27,0.003424224617531238,0.020467053727401985
2014-10-28,0.0,0.0
2014-10-29,0.0,0.0
2014-10-30,0.0,0.0
2014-10-31,0.0,0.0
2014-11-03,0.003518798217207339,0.013900494992161762
2014-11-04,0.0,0.0
2014-11-05,0.0,0.0
2014-11-06,0.0,0.0
2014-11-07,0.0,0.0
2014-11-10,0.0036189005457173615,0.016867255766759487
2014-11-11,0.0,0.0
2014-11-12,0.0,0.0
2014-11-13,0.0,0.0
2014-11-14,0.0,0.0
2014-11-17,0.005909558612281943,0.049698035151388056
2014-11-18,0.0,0.0
2014-11-19,0.0,0.0
2014-11-20,0.0,0.0
2014-11-21,0.0,0.0
2014-11-24,0.0029461435154504653,0.04023378881324757
2014-11-25,0.0,0.0
2014-11-26,0.0,0.0
2014-11-28,0.0,0.0
2014-12-01,0.013398775561956386,0.057716432869808376
2014-12-02,0.0,0.0
2014-12-03,0.0,0.0
2014-12-04,0.0,0.0
2014-12-05,0.0,0.0
2014-12-08,0.004387731903038886,0.0557436251184992
2014-12-09,0.0,0.0
2014-12-10,0.0,0.0
2014-12-11,0.0,0.0
2014-12-12,0.0,0.0
2014-12-15,0.008915613111575987,0.05949422033594054
2014-12-16,0.0,0.0
2014-12-17,0.0,0.0
2014-12-18,0.0,0.0
2014-12-19,0.0,0.0
2014-12-22,0.007634805347497796,0.04005648747264224
2014-12-23,0.0,0.0
2014-12-24,0.0,0.0
2014-12-26,0.0,0.0
2014-12-29,0.005400302111703066,0.07635331943156681
2014-12-30,0.0,0.0
2014-12-31,0.0,0.0
2015-01-02,0.0,0.0
2015-01-05,0.003188802916787921,0.04232765606840353
2015-01-06,0.0,0.0
2015-01-07,0.0,0.0
2015-01-08,0.0,0.0
2015-01-09,0.0,0.0
2015-01-12,0.007435803857537601,0.12731982441818956
2015-01-13,0.0,0.0
2015-01-14,0.0,0.0
2015-01-15,0.0,0.0
2015-01-16,0.0,0.0
2015-01-20,0.006214023900488183,0.05507287176090014
2015-01-21,0.0,0.0
2015-01-22,0.0,0.0
2015-01-23,0.0,0.0
2015-01-26,0.002991821970364003,0.0341283967385082
2015-01-27,0.0,0.0
2015-01-28,0.0,0.0
2015-01-29,0.0,0.0
2015-01-30,0.0,0.0
2015-02-02,0.0040975970600945905,0.021029067218079567
2015-02-03,0.0,0.0
2015-02-04,0.0,0.0
2015-02-05,0.0,0.0
2015-02-06,0.0,0.0
2015-02-09,0.009691950212374255,0.08744342217899756
2015-02-10,0.0,0.0
2015-02-11,0.0,0.0
2015-02-12,0.0,0.0
2015-02-13,0.0,0.0
2015-02-17,0.006536048378981585,0.05053058184606356
2015-02-18,0.0,0.0
2015-02-19,0.0,0.0
2015-02-20,0.0,0.0
2015-02-23,0.003978235373340112,0.03887172373396825
2015-02-24,0.0,0.0
2015-02-25,0.0,0.0
2015-02-26,0.0,0.0
2015-02-27,0.0,0.0
2015-03-02,0.003661146760005063,0.03618685839267886
2015-03-03,0.0,0.0
2015-03-04,0.0,0.0
2015-03-05,0.0,0.0
2015-03-06,0.0,0.0
2015-03-09,0.004258308188439315,0.01674986915434927
2015-03-10,0.0,0.0
2015-03-11,0.0,0.0
2015-03-12,0.0,0.0
2015-03-13,0.0,0.0
2015-03-16,0.004506659225280894,0.0273070426747698
2015-03-17,0.0,0.0
2015-03-18,0.0,0.0
2015-03-19,0.0,0.0
2015-03-20,0.0,0.0
2015-03-23,0.005548060656402856,0.04525499153707254
2015-03-24,0.0,0.0
2015-03-25,0.0,0.0
2015-03-26,0.0,0.0
2015-03-27,0.0,0.0
2015-03-30,0.004243180301819437,0.05843810365802808
2015-03-31,0.0,0.0
2015-04-01,0.0,0.0
2015-04-02,0.0,0.0
2015-04-06,0.0038200154232358938,0.01436297203368763
2015-04-07,0.0,0.0
2015-04-08,0.0,0.0
2015-04-09,0.0,0.0
2015-04-10,0.0,0.0
2015-04-13,0.004369455900355736,0.009437142361236973
2015-04-14,0.0,0.0
2015-04-15,0.0,0.0
2015-04-16,0.0,0.0
2015-04-17,0.0,0.0
2015-04-20,0.004462165397956859,0.009093828634273653
2015-04-21,0.0,0.0
2015-04-22,0.0,0.0
2015-04-23,0.0,0.0
2015-04-24,0.0,0.0
2015-04-27,0.005269710936574641,0.09461898194747508
2015-04-28,0.0,0.0
2015-04-29,0.0,0.0
2015-04-30,0.0,0.0
2015-05-01,0.0,0.0
2015-05-04,0.0054666412966143454,0.10264993746227769
2015-05-05,0.0,0.0
2015-05-06,0.0,0.0
2015-05-07,0.0,0.0
2015-05-08,0.0,0.0
2015-05-11,0.003657073207030216,0.037396509684866824
2015-05-12,0.0,0.0
2015-05-13,0.0,0.0
2015-05-14,0.0,0.0
2015-05-15,0.0,0.0
2015-05-18,0.0032784264604895155,0.024503365111923994
2015-05-19,0.0,0.0
2015-05-20,0.0,0.0
2015-05-21,0.0,0.0
2015-05-22,0.0,0.0
2015-05-26,0.003305738708555911,0.11952446578188469
2015-05-27,0.0,0.0
2015-05-28,0.0,0.0
2015-05-29,0.0,0.0
2015-06-01,0.002626110661624194,0.034208100077364655
2015-06-02,0.0,0.0
2015-06-03,0.0,0.0
2015-06-04,0.0,0.0
2015-06-05,0.0,0.0
2015-06-08,0.005146189242811697,0.1171234387868432
2015-06-09,0.0,0.0
2015-06-10,0.0,0.0
2015-06-11,0.0,0.0
2015-06-12,0.0,0.0
2015-06-15,0.0025227074955282078,0.03788718425920104
2015-06-16,0.0,0.0
2015-06-17,0.0,0.0
2015-06-18,0.0,0.0
2015-06-19,0.0,0.0
2015-06-22,0.004616145232114781,0.08510692408876344
2015-06-23,0.0,0.0
2015-06-24,0.0,0.0
2015-06-25,0.0,0.0
2015-06-26,0.0,0.0
2015-06-29,0.0042443410891676095,0.01129094827653079
2015-06-30,0.0,0.0
2015-07-01,0.0,0.0
2015-07-02,0.0,0.0
2015-07-06,0.0031713615851884716,0.03063704614825247
2015-07-07,0.0,0.0
2015-07-08,0.0,0.0
2015-07-09,0.0,0.0
2015-07-10,0.0,0.0
2015-07-13,0.005031475552859745,0.025811275124730144
2015-07-14,0.0,0.0
2015-07-15,0.0,0.0
2015-07-16,0.0,0.0
2015-07-17,0.0,0.0
2015-07-20,0.00626144200623957,0.03529342616362571
2015-07-21,0.0,0.0
2015-07-22,0.0,0.0
2015-07-23,0.0,0.0
2015-07-24,0.0,0.0
2015-07-27,0.006487765312096688,0.04362901109083235
2015-07-28,0.0,0.0
2015-07-29,0.0,0.0
2015-07-30,0.0,0.0
2015-07-31,0.0,0.0
2015-08-03,0.004841432020603824,0.048049152697342626
2015-08-04,0.0,0.0
2015-08-05,0.0,0.0
2015-08-06,0.0,0.0
2015-08-07,0.0,0.0
2015-08-10,0.004911446305047064,0.043663477771272434
2015-08-11,0.0,0.0
2015-08-12,0.0,0.0
2015-08-13,0.0,0.0
2015-08-14,0.0,0.0
2015-08-17,0.004654929710747123,0.04390588160039254
2015-08-18,0.0,0.0
2015-08-19,0.0,0.0
2015-08-20,0.0,0.0
2015-08-21,0.0,0.0
2015-08-24,0.006503823715001147,0.08545095329222087
2015-08-25,0.0,0.0
2015-08-26,0.0,0.0
2015-08-27,0.0,0.0
2015-08-28,0.0,0.0
2015-08-31,0.007185824228952739,0.04288868305214813
2015-09-01,0.0,0.0
2015-09-02,0.0,0.0
2015-09-03,0.0,0.0
2015-09-04,0.0,0.0
2015-09-08,0.004049219843274693,0.04763376720925895
2015-09-09,0.0,0.0
2015-09-10,0.0,0.0
2015-09-11,0.0,0.0
2015-09-14,0.00369649689258119,0.013089833708360907
2015-09-15,0.0,0.0
2015-09-16,0.0,0.0
2015-09-17,0.0,0.0
2015-09-18,0.0,0.0
2015-09-21,0.005089670193737635,0.05162182137655272
2015-09-22,0.0,0.0
2015-09-23,0.0,0.0
2015-09-24,0.0,0.0
2015-09-25,0.0,0.0
2015-09-28,0.008706084628647172,0.06241484373418143
2015-09-29,0.0,0.0
2015-09-30,0.0,0.0
2015-10-01,0.0,0.0
2015-10-02,0.0,0.0
2015-10-05,0.0037496291085830566,0.03283321964161155
2015-10-06,0.0,0.0
2015-10-07,0.0,0.0
2015-10-08,0.0,0.0
2015-10-09,0.0,0.0
2015-10-12,0.010105377477102863,0.07778267521959979
2015-10-13,0.0,0.0
2015-10-14,0.0,0.0
2015-10-15,0.0,0.0
2015-10-16,0.0,0.0
2015-10-19,0.004214602493856627,0.03916761072823262
2015-10-20,0.0,0.0
2015-10-21,0.0,0.0
2015-10-22,0.0,0.0
2015-10-23,0.0,0.0
2015-10-26,0.007979472012531658,0.09557895491411939
2015-10-27,0.0,0.0
2015-10-28,0.0,0.0
2015-10-29,0.0,0.0
2015-10-30,0.0,0.0
2015-11-02,0.0057813624726149315,0.07697587426819608
2015-11-03,0.0,0.0
2015-11-04,0.0,0.0
2015-11-05,0.0,0.0
2015-11-06,0.0,0.0
2015-11-09,0.006834319333929063,0.046529299908595556
2015-11-10,0.0,0.0
2015-11-11,0.0,0.0
2015-11-12,0.0,0.0
2015-11-13,0.0,0.0
2015-11-16,0.006401853005902361,0.07642048382635427
2015-11-17,0.0,0.0
2015-11-18,0.0,0.0
2015-11-19,0.0,0.0
2015-11-20,0.0,0.0
2015-11-23,0.003794963231944025,0.05694686469682672
2015-11-24,0.0,0.0
2015-11-25,0.0,0.0
2015-11-27,0.0,0.0
2015-11-30,0.004000094251570434,0.0879519197457871
2015-12-01,0.0,0.0
2015-12-02,0.0,0.0
2015-12-03,0.0,0.0
2015-12-04,0.0,0.0
2015-12-07,0.005774952774791835,0.06067340802618605
2015-12-08,0.0,0.0
2015-12-09,0.0,0.0
2015-12-10,0.0,0.0
2015-12-11,0.0,0.0
2015-12-14,0.006387612339894579,0.04068037165076967
2015-12-15,0.0,0.0
2015-12-16,0.0,0.0
2015-12-17,0.0,0.0
2015-12-18,0.0,0.0
2015-12-21,0.006148355709750128,0.06890988605957274
2015-12-22,0.0,0.0
2015-12-23,0.0,0.0
2015-12-24,0.0,0.0
2015-12-28,0.0034733496708415357,0.049296047043885606
2015-12-29,0.0,0.0
2015-12-30,0.0,0.0
2015-12-31,0.0,0.0
2016-01-04,0.0020067976886676483,0.0078048380581634755
2016-01-05,0.0,0.0
2016-01-06,0.0,0.0
2016-01-07,0.0,0.0
2016-01-08,0.0,0.0
2016-01-11,0.009014152724290375,0.058629249298610554
2016-01-12,0.0,0.0
2016-01-13,0.0,0.0
2016-01-14,0.0,0.0
2016-01-15,0.0,0.0
2016-01-19,0.005243187696897453,0.05797939777279003
2016-01-20,0.0,0.0
2016-01-21,0.0,0.0
2016-01-22,0.0,0.0
2016-01-25,0.004929827486967402,0.023862430171305654
2016-01-26,0.0,0.0
2016-01-27,0.0,0.0
2016-01-28,0.0,0.0
2016-01-29,0.0,0.0
2016-02-01,0.006762433933157702,0.07580605585535366
2016-02-02,0.0,0.0
2016-02-03,0.0,0.0
2016-02-04,0.0,0.0
2016-02-05,0.0,0.0
2016-02-08,0.013969249531020099,0.06637492017028898
2016-02-09,0.0,0.0
2016-02-10,0.0,0.0
2016-02-11,0.0,0.0
2016-02-12,0.0,0.0
2016-02-16,0.003978810584422142,0.024452553956099195
2016-02-17,0.0,0.0
2016-02-18,0.0,0.0
2016-02-19,0.0,0.0
2016-02-22,0.00362560107175728,0.031948755701347475
2016-02-23,0.0,0.0
2016-02-24,0.0,0.0
2016-02-25,0.0,0.0
2016-02-26,0.0,0.0
2016-02-29,0.004226305255159261,0.06239352690811383
2016-03-01,0.0,0.0
2016-03-02,0.0,0.0
2016-03-03,0.0,0.0
2016-03-04,0.0,0.0
2016-03-07,0.006033566591397491,0.05051495524774248
2016-03-08,0.0,0.0
2016-03-09,0.0,0.0
2016-03-10,0.0,0.0
2016-03-11,0.0,0.0
2016-03-14,0.003161905135822936,0.031110004189167463
2016-03-15,0.0,0.0
2016-03-16,0.0,0.0
2016-03-17,0.0,0.0
2016-03-18,0.0,0.0
2016-03-21,0.005128719896475738,0.06029096148768188
2016-03-22,0.0,0.0
2016-03-23,0.0,0.0
2016-03-24,0.0,0.0
2016-03-28,0.00460325748198754,0.06534546351326113
2016-03-29,0.0,0.0
2016-03-30,0.0,0.0
2016-03-31,0.0,0.0
2016-04-01,0.0,0.0
2016-04-04,0.003612388984521382,0.07166480544429951
2016-04-05,0.0,0.0
2016-04-06,0.0,0.0
2016-04-07,0.0,0.0
2016-04-08,0.0,0.0
2016-04-11,0.006671014168321998,0.05392792973577709
2016-04-12,0.0,0.0
2016-04-13,0.0,0.0
2016-04-14,0.0,0.0
2016-04-15,0.0,0.0
2016-04-18,0.005792896150940453,0.04745114009703692
2016-04-19,0.0,0.0
2016-04-20,0.0,0.0
2016-04-21,0.0,0.0
2016-04-22,0.0,0.0
2016-04-25,0.011541560031130368,0.0780091102828483
2016-04-26,0.0,0.0
2016-04-27,0.0,0.0
2016-04-28,0.0,0.0
2016-04-29,0.0,0.0
2016-05-02,0.0061238441398045115,0.13779978738644505
2016-05-03,0.0,0.0
2016-05-04,0.0,0.0
2016-05-05,0.0,0.0
2016-05-06,0.0,0.0
2016-05-09,0.005788741843112108,0.054122705491395764
2016-05-10,0.0,0.0
2016-05-11,0.0,0.0
2016-05-12,0.0,0.0
2016-05-13,0.0,0.0
2016-05-16,0.0028475690939292198,0.0878803996982526
2016-05-17,0.0,0.0
2016-05-18,0.0,0.0
2016-05-19,0.0,0.0
2016-05-20,0.0,0.0
2016-05-23,0.005922898477551446,0.034624148844538044
2016-05-24,0.0,0.0
2016-05-25,0.0,0.0
2016-05-26,0.0,0.0
2016-05-27,0.0,0.0
2016-05-31,0.002296715471810762,0.04019629044960245
2016-06-01,0.0,0.0
2016-06-02,0.0,0.0
2016-06-03,0.0,0.0
2016-06-06,0.005116036387373291,0.05908648427284413
2016-06-07,0.0,0.0
2016-06-08,0.0,0.0
2016-06-09,0.0,0.0
2016-06-10,0.0,0.0
2016-06-13,0.003935092165713035,0.03262474597887183
2016-06-14,0.0,0.0
2016-06-15,0.0,0.0
2016-06-16,0.0,0.0
2016-06-17,0.0,0.0
2016-06-20,0.003445395580403486,0.03655769971997772
2016-06-21,0.0,0.0
2016-06-22,0.0,0.0
2016-06-23,0.0,0.0
2016-06-24,0.0,0.0
2016-06-27,0.004290866786618983,0.03433893454594579
2016-06-28,0.0,0.0
2016-06-29,0.0,0.0
2016-06-30,0.0,0.0
2016-07-01,0.0,0.0
2016-07-05,0.0032948547946547446,0.035828873706224465
2016-07-06,0.0,0.0
2016-07-07,0.0,0.0
2016-07-08,0.0,0.0
2016-07-11,0.004117949919134417,0.006568775014864879
2016-07-12,0.0,0.0
2016-07-13,0.0,0.0
2016-07-14,0.0,0.0
2016-07-15,0.0,0.0
2016-07-18,0.006485296743604145,0.027275671565321832
2016-07-19,0.0,0.0
2016-07-20,0.0,0.0
2016-07-21,0.0,0.0
2016-07-22,0.0,0.0
2016-07-25,0.004530729749544729,0.062292714745887656
2016-07-26,0.0,0.0
2016-07-27,0.0,0.0
2016-07-28,0.0,0.0
2016-07-29,0.0,0.0
2016-08-01,0.0035503232739151416,0.011868637371338461
2016-08-02,0.0,0.0
2016-08-03,0.0,0.0
2016-08-04,0.0,0.0
2016-08-05,0.0,0.0
2016-08-08,0.0035950495449942957,0.01756013232418438
2016-08-09,0.0,0.0
2016-08-10,0.0,0.0
2016-08-11,0.0,0.0
2016-08-12,0.0,0.0
2016-08-15,0.0030993054363809697,0.033949855121734776
2016-08-16,0.0,0.0
2016-08-17,0.0,0.0
2016-08-18,0.0,0.0
2016-08-19,0.0,0.0
2016-08-22,0.004561505823537378,0.003534037303222562
2016-08-23,0.0,0.0
2016-08-24,0.0,0.0
2016-08-25,0.0,0.0
2016-08-26,0.0,0.0
2016-08-29,0.0033990875150705577,0.03352692458450587
2016-08-30,0.0,0.0
2016-08-31,0.0,0.0
2016-09-01,0.0,0.0
2016-09-02,0.0,0.0
2016-09-06,0.0030965254311178247,0.036378355358447065
2016-09-07,0.0,0.0
2016-09-08,0.0,0.0
2016-09-09,0.0,0.0
2016-09-12,0.004902273889788346,0.02684789555405772
2016-09-13,0.0,0.0
2016-09-14,0.0,0.0
2016-09-15,0.0,0.0
2016-09-16,0.0,0.0
2016-09-19,0.007009893737531012,0.07913728080240578
2016-09-20,0.0,0.0
2016-09-21,0.0,0.0
2016-09-22,0.0,0.0
2016-09-23,0.0,0.0
2016-09-26,0.003019966875307388,0.043004734424261316
2016-09-27,0.0,0.0
2016-09-28,0.0,0.0
2016-09-29,0.0,0.0
2016-09-30,0.0,0.0
2016-10-03,0.007321980525656406,0.06179222593890586
2016-10-04,0.0,0.0
2016-10-05,0.0,0.0
2016-10-06,0.0,0.0
2016-10-07,0.0,0.0
2016-10-10,0.005750609293805782,0.03337209455556604
2016-10-11,0.0,0.0
2016-10-12,0.0,0.0
2016-10-13,0.0,0.0
2016-10-14,0.0,0.0
2016-10-17,0.003937355637790019,0.0478352894566536
2016-10-18,0.0,0.0
2016-10-19,0.0,0.0
2016-10-20,0.0,0.0
2016-10-21,0.0,0.0
2016-10-24,0.002469543295079306,0.007290137485627244
2016-10-25,0.0,0.0
2016-10-26,0.0,0.0
2016-10-27,0.0,0.0
2016-10-28,0.0,0.0
2016-10-31,0.005282255112365276,0.03503880172075011
2016-11-01,0.0,0.0
2016-11-02,0.0,0.0
2016-11-03,0.0,0.0
2016-11-04,0.0,0.0
2016-11-07,0.0026229842210522755,0.018655284808193402
2016-11-08,0.0,0.0
2016-11-09,0.0,0.0
2016-11-10,0.0,0.0
2016-11-11,0.0,0.0
2016-11-14,0.017186862269736494,0.1437050226518916
2016-11-15,0.0,0.0
2016-11-16,0.0,0.0
2016-11-17,0.0,0.0
2016-11-18,0.0,0.0
2016-11-21,0.004752900822276057,0.06447071112285291
2016-11-22,0.0,0.0
2016-11-23,0.0,0.0
2016-11-25,0.0,0.0
2016-11-28,0.0032486406365973206,0.0512060923404083
2016-11-29,0.0,0.0
2016-11-30,0.0,0.0
2016-12-01,0.0,0.0
2016-12-02,0.0,0.0
2016-12-05,0.00712721805223842,0.13135885520086954
2016-12-06,0.0,0.0
2016-12-07,0.0,0.0
2016-12-08,0.0,0.0
2016-12-09,0.0,0.0
2016-12-12,0.004483070833883385,0.03927294452222961
2016-12-13,0.0,0.0
2016-12-14,0.0,0.0
2016-12-15,0.0,0.0
2016-12-16,0.0,0.0
2016-12-19,0.005872057812599314,0.04521328554936775
2016-12-20,0.0,0.0
2016-12-21,0.0,0.0
2016-12-22,0.0,0.0
2016-12-23,0.0,0.0
2016-12-27,0.002188248870873717,0.019611106750079994
2016-12-28,0.0,0.0
2016-12-29,0.0,0.0
2016-12-30,0.0,0.0
2017-01-03,0.0017277384025225218,0.013783691117013032
2017-01-04,0.0,0.0
2017-01-05,0.0,0.0
2017-01-06,0.0,0.0
2017-01-09,0.0032985023305415473,0.03865794264118281
2017-01-10,0.0,0.0
2017-01-11,0.0,0.0
2017-01-12,0.0,0.0
2017-01-13,0.0,0.0
2017-01-17,0.003466354522940758,0.03671771885796056
2017-01-18,0.0,0.0
2017-01-19,0.0,0.0
2017-01-20,0.0,0.0
2017-01-23,0.0036211760289151726,0.08796233253919311
2017-01-24,0.0,0.0
2017-01-25,0.0,0.0
2017-01-26,0.0,0.0
2017-01-27,0.0,0.0
2017-01-30,0.0059722751612794195,0.06563234680863783
2017-01-31,0.0,0.0
2017-02-01,0.0,0.0
2017-02-02,0.0,0.0
2017-02-03,0.0,0.0
2017-02-06,0.005320621494411579,0.06796175494984555
2017-02-07,0.0,0.0
2017-02-08,0.0,0.0
2017-02-09,0.0,0.0
2017-02-10,0.0,0.0
2017-02-13,0.002690962474098682,0.01208372632950909
2017-02-14,0.0,0.0
2017-02-15,0.0,0.0
2017-02-16,0.0,0.0
2017-02-17,0.0,0.0
2017-02-21,0.004988821606802876,0.03905042794900271
2017-02-22,0.0,0.0
2017-02-23,0.0,0.0
2017-02-24,0.0,0.0
2017-02-27,0.005336358733558852,0.018265936733779367
2017-02-28,0.0,0.0
2017-03-01,0.0,0.0
2017-03-02,0.0,0.0
2017-03-03,0.0,0.0
2017-03-06,0.0032434648715163536,0.015218945128029071
2017-03-07,0.0,0.0
2017-03-08,0.0,0.0
2017-03-09,0.0,0.0
2017-03-10,0.0,0.0
2017-03-13,0.003377865883764271,0.035038514979868
2017-03-14,0.0,0.0
2017-03-15,0.0,0.0
2017-03-16,0.0,0.0
2017-03-17,0.0,0.0
2017-03-20,0.002804410774942659,0.02150113759585586
2017-03-21,0.0,0.0
2017-03-22,0.0,0.0
2017-03-23,0.0,0.0
2017-03-24,0.0,0.0
2017-03-27,0.004225482855712247,0.07703038217284036
2017-03-28,0.0,0.0
2017-03-29,0.0,0.0
2017-03-30,0.0,0.0
2017-03-31,0.0,0.0
2017-04-03,0.003683882224819718,0.018728216146039672
2017-04-04,0.0,0.0
2017-04-05,0.0,0.0
2017-04-06,0.0,0.0
2017-04-07,0.0,0.0
2017-04-10,0.0021675062875809586,0.05095547157105593
2017-04-11,0.0,0.0
2017-04-12,0.0,0.0
2017-04-13,0.0,0.0
2017-04-17,0.004409526855585759,0.06969789722303137
2017-04-18,0.0,0.0
2017-04-19,0.0,0.0
2017-04-20,0.0,0.0
2017-04-21,0.0,0.0
2017-04-24,0.005539088364640447,0.04207061629627446
2017-04-25,0.0,0.0
2017-04-26,0.0,0.0
2017-04-27,0.0,0.0
2017-04-28,0.0,0.0
2017-05-01,0.003946987596025145,0.06868768928882518
2017-05-02,0.0,0.0
2017-05-03,0.0,0.0
2017-05-04,0.0,0.0
2017-05-05,0.0,0.0
2017-05-08,0.002621261609948626,0.04964844876580786
2017-05-09,0.0,0.0
2017-05-10,0.0,0.0
2017-05-11,0.0,0.0
2017-05-12,0.0,0.0
2017-05-15,0.003403374349803298,0.08102020511668909
2017-05-16,0.0,0.0
2017-05-17,0.0,0.0
2017-05-18,0.0,0.0
2017-05-19,0.0,0.0
2017-05-22,0.002514828821247553,0.051934421374655655
2017-05-23,0.0,0.0
2017-05-24,0.0,0.0
2017-05-25,0.0,0.0
2017-05-26,0.0,0.0
2017-05-30,0.004360832274536847,0.05617804326209673
2017-05-31,0.0,0.0
2017-06-01,0.0,0.0
2017-06-02,0.0,0.0
2017-06-05,0.0052369799767931074,0.008833649735216942
2017-06-06,0.0,0.0
2017-06-07,0.0,0.0
2017-06-08,0.0,0.0
2017-06-09,0.0,0.0
2017-06-12,0.007742761458176969,0.08101592458622273
2017-06-13,0.0,0.0
2017-06-14,0.0,0.0
2017-06-15,0.0,0.0
2017-06-16,0.0,0.0
2017-06-19,0.0036214118664790254,0.06467353700444653
2017-06-20,0.0,0.0
2017-06-21,0.0,0.0
2017-06-22,0.0,0.0
2017-06-23,0.0,0.0
2017-06-26,0.007076231275335965,0.10565843039204187
2017-06-27,0.0,0.0
2017-06-28,0.0,0.0
2017-06-29,0.0,0.0
2017-06-30,0.0,0.0
2017-07-03,0.006886816495522433,0.14747457328099484
2017-07-05,0.0,0.0
2017-07-06,0.0,0.0
2017-07-07,0.0,0.0
2017-07-10,0.003930235806064095,0.08127436778882183
2017-07-11,0.0,0.0
2017-07-12,0.0,0.0
2017-07-13,0.0,0.0
2017-07-14,0.0,0.0
2017-07-17,0.0040541576207085775,0.05681497399542222
2017-07-18,0.0,0.0
2017-07-19,0.0,0.0
2017-07-20,0.0,0.0
2017-07-21,0.0,0.0
2017-07-24,0.004317812084549004,0.03908064118486419
2017-07-25,0.0,0.0
2017-07-26,0.0,0.0
2017-07-27,0.0,0.0
2017-07-28,0.0,0.0
2017-07-31,0.0033655355798345374,0.08035136941794563
2017-08-01,0.0,0.0
2017-08-02,0.0,0.0
2017-08-03,0.0,0.0
2017-08-04,0.0,0.0
2017-08-07,0.004487060159887667,0.14191955342537782
2017-08-08,0.0,0.0
2017-08-09,0.0,0.0
2017-08-10,0.0,0.0
2017-08-11,0.0,0.0
2017-08-14,0.0038465096933040163,0.043926617030830326
2017-08-15,0.0,0.0
2017-08-16,0.0,0.0
2017-08-17,0.0,0.0
2017-08-18,0.0,0.0
2017-08-21,0.004547252335875378,0.08137239915889369
2017-08-22,0.0,0.0
2017-08-23,0.0,0.0
2017-08-24,0.0,0.0
2017-08-25,0.0,0.0
2017-08-28,0.002469085063011238,0.06203424519851097
2017-08-29,0.0,0.0
2017-08-30,0.0,0.0
2017-08-31,0.0,0.0
2017-09-01,0.0,0.0
2017-09-05,0.004329246728194451,0.07149195561115558
2017-09-06,0.0,0.0
2017-09-07,0.0,0.0
2017-09-08,0.0,0.0
2017-09-11,0.005582995466166862,0.06098818159653671
2017-09-12,0.0,0.0
2017-09-13,0.0,0.0
2017-09-14,0.0,0.0
2017-09-15,0.0,0.0
2017-09-18,0.00525319842610502,0.03246883804047919
2017-09-19,0.0,0.0
2017-09-20,0.0,0.0
2017-09-21,0.0,0.0
2017-09-22,0.0,0.0
2017-09-25,0.008023723213319033,0.13060105685120593
2017-09-26,0.0,0.0
2017-09-27,0.0,0.0
2017-09-28,0.0,0.0
2017-09-29,0.0,0.0
2017-10-02,0.002876636265236411,0.05011297498804308
2017-10-03,0.0,0.0
2017-10-04,0.0,0.0
2017-10-05,0.0,0.0
2017-10-06,0.0,0.0
2017-10-09,0.0037481011280139018,0.11331504594084787
2017-10-10,0.0,0.0
2017-10-11,0.0,0.0
2017-10-12,0.0,0.0
2017-10-13,0.0,0.0
2017-10-16,0.0035671003067257595,0.09835552860221103
2017-10-17,0.0,0.0
2017-10-18,0.0,0.0
2017-10-19,0.0,0.0
2017-10-20,0.0,0.0
2017-10-23,0.004149200090305512,0.16470114324622856
2017-10-24,0.0,0.0
2017-10-25,0.0,0.0
2017-10-26,0.0,0.0
2017-10-27,0.0,0.0
2017-10-30,0.005606173559218851,0.12793362735272107
2017-10-31,0.0,0.0
2017-11-01,0.0,0.0
2017-11-02,0.0,0.0
2017-11-03,0.0,0.0
2017-11-06,0.0037334054835532274,0.02441559253004978
2017-11-07,0.0,0.0
2017-11-08,0.0,0.0
2017-11-09,0.0,0.0
2017-11-10,0.0,0.0
2017-11-13,0.005745319286475169,0.04701697236190949
2017-11-14,0.0,0.0
2017-11-15,0.0,0.0
2017-11-16,0.0,0.0
2017-11-17,0.0,0.0
2017-11-20,0.004390229665879382,0.0582219486648712
2017-11-21,0.0,0.0
2017-11-22,0.0,0.0
2017-11-24,0.0,0.0
2017-11-27,0.002343828988650265,0.04936220550699674
2017-11-28,0.0,0.0
2017-11-29,0.0,0.0
2017-11-30,0.0,0.0
2017-12-01,0.0,0.0
2017-12-04,0.0065324948903643515,0.09652027233441493
2017-12-05,0.0,0.0
2017-12-06,0.0,0.0
2017-12-07,0.0,0.0
2017-12-08,0.0,0.0
2017-12-11,0.003547413030036785,0.07630923769221226
2017-12-12,0.0,0.0
2017-12-13,0.0,0.0
2017-12-14,0.0,0.0
2017-12-15,0.0,0.0
2017-12-18,0.0037520694189481646,0.04948922023385004
2017-12-19,0.0,0.0
2017-12-20,0.0,0.0
2017-12-21,0.0,0.0
2017-12-22,0.0,0.0
2017-12-26,0.008370782302922625,0.10129087150337206
2017-12-27,0.0,0.0
2017-12-28,0.0,0.0
2017-12-29,0.0,0.0
2018-01-02,0.001990699983052055,0.0893771396090857
2018-01-03,0.0,0.0
2018-01-04,0.0,0.0
2018-01-05,0.0,0.0
2018-01-08,0.007792340115661205,0.11234752889469042
2018-01-09,0.0,0.0
2018-01-10,0.0,0.0
2018-01-11,0.0,0.0
2018-01-12,0.0,0.0
2018-01-16,0.0076283522669863615,0.1066968638148471
2018-01-17,0.0,0.0
2018-01-18,0.0,0.0
2018-01-19,0.0,0.0
2018-01-22,0.005257855553720839,0.1450110696389568
2018-01-23,0.0,0.0
2018-01-24,0.0,0.0
2018-01-25,0.0,0.0
2018-01-26,0.0,0.0
2018-01-29,0.0031814569381715327,0.0951102929740521
2018-01-30,0.0,0.0
2018-01-31,0.0,0.0
2018-02-01,0.0,0.0
2018-02-02,0.0,0.0
2018-02-05,0.005940036960277013,0.09240858182969276
2018-02-06,0.0,0.0
2018-02-07,0.0,0.0
2018-02-08,0.0,0.0
2018-02-09,0.0,0.0
2018-02-12,0.00565077981696039,0.11854541191750236
2018-02-13,0.0,0.0
2018-02-14,0.0,0.0
2018-02-15,0.0,0.0
2018-02-16,0.0,0.0
2018-02-20,0.003622585708637216,0.0812351408298773
2018-02-21,0.0,0.0
2018-02-22,0.0,0.0
2018-02-23,0.0,0.0
2018-02-26,0.003617485825326859,0.024609941672720417
2018-02-27,0.0,0.0
2018-02-28,0.0,0.0
2018-03-01,0.0,0.0
2018-03-02,0.0,0.0
2018-03-05,0.0037239016071764844,0.09269535293160318
2018-03-06,0.0,0.0
2018-03-07,0.0,0.0
2018-03-08,0.0,0.0
2018-03-09,0.0,0.0
2018-03-12,0.005084080565945441,0.040400740914619315
2018-03-13,0.0,0.0
2018-03-14,0.0,0.0
2018-03-15,0.0,0.0
2018-03-16,0.0,0.0
2018-03-19,0.005412610451825679,0.042525792237107424
2018-03-20,0.0,0.0
2018-03-21,0.0,0.0
2018-03-22,0.0,0.0
2018-03-23,0.0,0.0
2018-03-26,0.008437259804052556,0.11206044385689698
2018-03-27,0.0,0.0
2018-03-28,0.0,0.0
2018-03-29,0.0,0.0
2018-04-02,0.0032507926380385063,0.03997855400861328
2018-04-03,0.0,0.0
2018-04-04,0.0,0.0
2018-04-05,0.0,0.0
2018-04-06,0.0,0.0
2018-04-09,0.0036234371028411386,0.022046535787421627
2018-04-10,0.0,0.0
2018-04-11,0.0,0.0
2018-04-12,0.0,0.0
2018-04-13,0.0,0.0
2018-04-16,0.00788037614938051,0.05767935230290933
2018-04-17,0.0,0.0
2018-04-18,0.0,0.0
2018-04-19,0.0,0.0
2018-04-20,0.0,0.0
2018-04-23,0.006774141797936659,0.06402777401338755
2018-04-24,0.0,0.0
2018-04-25,0.0,0.0
2018-04-26,0.0,0.0
2018-04-27,0.0,0.0
2018-04-30,0.007380431095420782,0.12101490812292734
2018-05-01,0.0,0.0
2018-05-02,0.0,0.0
2018-05-03,0.0,0.0
2018-05-04,0.0,0.0
2018-05-07,0.006088502989067525,0.0837731397663547
2018-05-08,0.0,0.0
2018-05-09,0.0,0.0
2018-05-10,0.0,0.0
2018-05-11,0.0,0.0
2018-05-14,0.007990251227856723,0.06360501575107258
2018-05-15,0.0,0.0
2018-05-16,0.0,0.0
2018-05-17,0.0,0.0
2018-05-18,0.0,0.0
2018-05-21,0.005584408205577936,0.12057018019453193
2018-05-22,0.0,0.0
2018-05-23,0.0,0.0
2018-05-24,0.0,0.0
2018-05-25,0.0,0.0
2018-05-29,0.007400269438322581,0.01506869754008662
2018-05-30,0.0,0.0
2018-05-31,0.0,0.0
2018-06-01,0.0,0.0
2018-06-04,0.0046022118582392385,0.048843757965082245
2018-06-05,0.0,0.0
2018-06-06,0.0,0.0
2018-06-07,0.0,0.0
2018-06-08,0.0,0.0
2018-06-11,0.006320705165242017,0.049087786903005984
2018-06-12,0.0,0.0
2018-06-13,0.0,0.0
2018-06-14,0.0,0.0
2018-06-15,0.0,0.0
2018-06-18,0.00865092692510977,0.057687858533907364
2018-06-19,0.0,0.0
2018-06-20,0.0,0.0
2018-06-21,0.0,0.0
2018-06-22,0.0,0.0
2018-06-25,0.006449578712199325,0.08386312882008279
2018-06-26,0.0,0.0
2018-06-27,0.0,0.0
2018-06-28,0.0,0.0
2018-06-29,0.0,0.0
2018-07-02,0.005891354831199451,0.0389364305878339
2018-07-03,0.0,0.0
2018-07-05,0.0,0.0
2018-07-06,0.0,0.0
2018-07-09,0.0043945646541765915,0.03319624309946326
2018-07-10,0.0,0.0
2018-07-11,0.0,0.0
2018-07-12,0.0,0.0
2018-07-13,0.0,0.0
2018-07-16,0.0039682145269174934,0.03573544760727349
2018-07-17,0.0,0.0
2018-07-18,0.0,0.0
2018-07-19,0.0,0.0
2018-07-20,0.0,0.0
2018-07-23,0.0039772048864405996,0.06854752167301738
2018-07-24,0.0,0.0
2018-07-25,0.0,0.0
2018-07-26,0.0,0.0
2018-07-27,0.0,0.0
2018-07-30,0.004554939267586579,0.08317682127027931
2018-07-31,0.0,0.0
2018-08-01,0.0,0.0
2018-08-02,0.0,0.0
2018-08-03,0.0,0.0
2018-08-06,0.0047769399555201986,0.07295495662842119
2018-08-07,0.0,0.0
2018-08-08,0.0,0.0
2018-08-09,0.0,0.0
2018-08-10,0.0,0.0
2018-08-13,0.003190965400224746,0.10640636958986902
2018-08-14,0.0,0.0
2018-08-15,0.0,0.0
2018-08-16,0.0,0.0
2018-08-17,0.0,0.0
2018-08-20,0.007453012561189146,0.045703856475050104
2018-08-21,0.0,0.0
2018-08-22,0.0,0.0
2018-08-23,0.0,0.0
2018-08-24,0.0,0.0
2018-08-27,0.005570230437722569,0.06588173130774119
2018-08-28,0.0,0.0
2018-08-29,0.0,0.0
2018-08-30,0.0,0.0
2018-08-31,0.0,0.0
2018-09-04,0.0033773575154612406,0.030584876617085536
2018-09-05,0.0,0.0
2018-09-06,0.0,0.0
2018-09-07,0.0,0.0
2018-09-10,0.005372596753684483,0.053154796746688375
2018-09-11,0.0,0.0
2018-09-12,0.0,0.0
2018-09-13,0.0,0.0
2018-09-14,0.0,0.0
2018-09-17,0.003005846410324871,0.04343101385097386
2018-09-18,0.0,0.0
2018-09-19,0.0,0.0
2018-09-20,0.0,0.0
2018-09-21,0.0,0.0
2018-09-24,0.004749805687021234,0.08120967378434385
2018-09-25,0.0,0.0
2018-09-26,0.0,0.0
2018-09-27,0.0,0.0
2018-09-28,0.0,0.0
2018-10-01,0.008832502863653481,0.12615591743804927
2018-10-02,0.0,0.0
2018-10-03,0.0,0.0
2018-10-04,0.0,0.0
2018-10-05,0.0,0.0
2018-10-08,0.008050745441790068,0.11828399722650422
2018-10-09,0.0,0.0
2018-10-10,0.0,0.0
2018-10-11,0.0,0.0
2018-10-12,0.0,0.0
2018-10-15,0.008414861871229834,0.0987399110791667
2018-10-16,0.0,0.0
2018-10-17,0.0,0.0
2018-10-18,0.0,0.0
2018-10-19,0.0,0.0
2018-10-22,0.00908203579779078,0.031320375156586935
2018-10-23,0.0,0.0
2018-10-24,0.0,0.0
2018-10-25,0.0,0.0
2018-10-26,0.0,0.0
2018-10-29,0.007727001635901745,0.04089142907973677
2018-10-30,0.0,0.0
2018-10-31,0.0,0.0
2018-11-01,0.0,0.0
2018-11-02,0.0,0.0
2018-11-05,0.007425367026563434,0.0978874140565565
2018-11-06,0.0,0.0
2018-11-07,0.0,0.0
2018-11-08,0.0,0.0
2018-11-09,0.0,0.0
2018-11-12,0.0037610036447049758,0.06269598402634707
2018-11-13,0.0,0.0
2018-11-14,0.0,0.0
2018-11-15,0.0,0.0
2018-11-16,0.0,0.0
2018-11-19,0.004423786437588138,0.03151056249550305
2018-11-20,0.0,0.0
2018-11-21,0.0,0.0
2018-11-23,0.0,0.0
2018-11-26,0.00550636240271693,0.09331116735635736
2018-11-27,0.0,0.0
2018-11-28,0.0,0.0
2018-11-29,0.0,0.0
2018-11-30,0.0,0.0
2018-12-03,0.006607571730675339,0.081086404872626
2018-12-04,0.0,0.0
2018-12-06,0.0,0.0
2018-12-07,0.0,0.0
2018-12-10,0.009376730853121532,0.081431487864823
2018-12-11,0.0,0.0
2018-12-12,0.0,0.0
2018-12-13,0.0,0.0
2018-12-14,0.0,0.0
2018-12-17,0.005128245200316038,0.062170604982482246
2018-12-18,0.0,0.0
2018-12-19,0.0,0.0
2018-12-20,0.0,0.0
2018-12-21,0.0,0.0
2018-12-24,0.006343131937276723,0.05340382905870639
2018-12-26,0.0,0.0
2018-12-27,0.0,0.0
2018-12-28,0.0,0.0
2018-12-31,0.00690578234213142,0.09738668456475393
2019-01-02,0.0,0.0
2019-01-03,0.0,0.0
2019-01-04,0.0,0.0
2019-01-07,0.006018463668542098,0.10827280770125401
2019-01-08,0.0,0.0
2019-01-09,0.0,0.0
2019-01-10,0.0,0.0
2019-01-11,0.0,0.0
2019-01-14,0.005699366686791135,0.07222473356801556
2019-01-15,0.0,0.0
2019-01-16,0.0,0.0
2019-01-17,0.0,0.0
2019-01-18,0.0,0.0
2019-01-22,0.0051315185311594305,0.07424200829626197
2019-01-23,0.0,0.0
2019-01-24,0.0,0.0
2019-01-25,0.0,0.0
2019-01-28,0.003609196567579062,0.07011704597210375
2019-01-29,0.0,0.0
2019-01-30,0.0,0.0
2019-01-31,0.0,0.0
2019-02-01,0.0,0.0
2019-02-04,0.004951214488635773,0.09828094272754578
2019-02-05,0.0,0.0
2019-02-06,0.0,0.0
2019-02-07,0.0,0.0
2019-02-08,0.0,0.0
2019-02-11,0.007605483179254878,0.11980541631880631
2019-02-12,0.0,0.0
2019-02-13,0.0,0.0
2019-02-14,0.0,0.0
2019-02-15,0.0,0.0
2019-02-19,0.005034435340958432,0.04056595049597071
2019-02-20,0.0,0.0
2019-02-21,0.0,0.0
2019-02-22,0.0,0.0
2019-02-25,0.004375956498172816,0.02314065298244982
2019-02-26,0.0,0.0
2019-02-27,0.0,0.0
2019-02-28,0.0,0.0
2019-03-01,0.0,0.0
2019-03-04,0.0027935309036653463,0.062255796329728795
2019-03-05,0.0,0.0
2019-03-06,0.0,0.0
2019-03-07,0.0,0.0
2019-03-08,0.0,0.0
2019-03-11,0.006173597767244403,0.04289255227265991
2019-03-12,0.0,0.0
2019-03-13,0.0,0.0
2019-03-14,0.0,0.0
2019-03-15,0.0,0.0
2019-03-18,0.004676361500866505,0.050895251625425804
2019-03-19,0.0,0.0
2019-03-20,0.0,0.0
2019-03-21,0.0,0.0
2019-03-22,0.0,0.0
2019-03-25,0.007295478280316313,0.11178518888588541
2019-03-26,0.0,0.0
2019-03-27,0.0,0.0
2019-03-28,0.0,0.0
2019-03-29,0.0,0.0
2019-04-01,0.003413738041370268,0.04017236539184671
2019-04-02,0.0,0.0
2019-04-03,0.0,0.0
2019-04-04,0.0,0.0
2019-04-05,0.0,0.0
2019-04-08,0.007229783004548226,0.06429929814419735
2019-04-09,0.0,0.0
2019-04-10,0.0,0.0
2019-04-11,0.0,0.0
2019-04-12,0.0,0.0
2019-04-15,0.0038819753504974394,0.01531009711266916
2019-04-16,0.0,0.0
2019-04-17,0.0,0.0
2019-04-18,0.0,0.0
2019-04-22,0.006974985365434998,0.037743398557832396
2019-04-23,0.0,0.0
2019-04-24,0.0,0.0
2019-04-25,0.0,0.0
2019-04-26,0.0,0.0
2019-04-29,0.006334442877481916,0.030532289957896266
2019-04-30,0.0,0.0
2019-05-01,0.0,0.0
2019-05-02,0.0,0.0
2019-05-03,0.0,0.0
2019-05-06,0.004999502116957981,0.08492054441321635
2019-05-07,0.0,0.0
2019-05-08,0.0,0.0
2019-05-09,0.0,0.0
2019-05-10,0.0,0.0
2019-05-13,0.005107971453097299,0.03608580470092748
2019-05-14,0.0,0.0
2019-05-15,0.0,0.0
2019-05-16,0.0,0.0
2019-05-17,0.0,0.0
2019-05-20,0.004316162399384323,0.0579886334220951
2019-05-21,0.0,0.0
2019-05-22,0.0,0.0
2019-05-23,0.0,0.0
2019-05-24,0.0,0.0
2019-05-28,0.007194279425933821,0.038278678193558374
2019-05-29,0.0,0.0
2019-05-30,0.0,0.0
2019-05-31,0.0,0.0
2019-06-03,0.003289054834997994,0.016354750404844645
2019-06-04,0.0,0.0
2019-06-05,0.0,0.0
2019-06-06,0.0,0.0
2019-06-07,0.0,0.0
2019-06-10,0.005495003318352301,0.024546658799877663
2019-06-11,0.0,0.0
2019-06-12,0.0,0.0
2019-06-13,0.0,0.0
2019-06-14,0.0,0.0
2019-06-17,0.003169482832808636,0.043450461084792474
2019-06-18,0.0,0.0
2019-06-19,0.0,0.0
2019-06-20,0.0,0.0
2019-06-21,0.0,0.0
2019-06-24,0.007090851273695319,0.05179836962718626
2019-06-25,0.0,0.0
2019-06-26,0.0,0.0
2019-06-27,0.0,0.0
2019-06-28,0.0,0.0
2019-07-01,0.004701039158296276,0.03665451441267466
2019-07-02,0.0,0.0
2019-07-03,0.0,0.0
2019-07-05,0.0,0.0
2019-07-08,0.004534211598927779,0.023614527481069562
2019-07-09,0.0,0.0
2019-07-10,0.0,0.0
2019-07-11,0.0,0.0
2019-07-12,0.0,0.0
2019-07-15,0.004805149099731579,0.007358816413230593
2019-07-16,0.0,0.0
2019-07-17,0.0,0.0
2019-07-18,0.0,0.0
2019-07-19,0.0,0.0
2019-07-22,0.0034561746481208827,0.0317828503860389
2019-07-23,0.0,0.0
2019-07-24,0.0,0.0
2019-07-25,0.0,0.0
2019-07-26,0.0,0.0
2019-07-29,0.004280902632042519,0.022874850062978395
2019-07-30,0.0,0.0
2019-07-31,0.0,0.0
2019-08-01,0.0,0.0
2019-08-02,0.0,0.0
2019-08-05,0.006359532829522167,0.026185961481867068
2019-08-06,0.0,0.0
2019-08-07,0.0,0.0
2019-08-08,0.0,0.0
2019-08-09,0.0,0.0
2019-08-12,0.00434465989592471,0.09345370705147826
2019-08-13,0.0,0.0
2019-08-14,0.0,0.0
2019-08-15,0.0,0.0
2019-08-16,0.0,0.0
2019-08-19,0.006287456646846122,0.06143539260034354
2019-08-20,0.0,0.0
2019-08-21,0.0,0.0
2019-08-22,0.0,0.0
2019-08-23,0.0,0.0
2019-08-26,0.004114140978114043,0.06663440591179856
2019-08-27,0.0,0.0
2019-08-28,0.0,0.0
2019-08-29,0.0,0.0
2019-08-30,0.0,0.0
2019-09-03,0.0025219424693771197,0.01761231653972531
2019-09-04,0.0,0.0
2019-09-05,0.0,0.0
2019-09-06,0.0,0.0
2019-09-09,0.003729641291110114,0.046967988602822724
2019-09-10,0.0,0.0
2019-09-11,0.0,0.0
2019-09-12,0.0,0.0
2019-09-13,0.0,0.0
2019-09-16,0.008227089349380372,0.0378379089792878
2019-09-17,0.0,0.0
2019-09-18,0.0,0.0
2019-09-19,0.0,0.0
2019-09-20,0.0,0.0
2019-09-23,0.005815667268306526,0.036848460798740254
2019-09-24,0.0,0.0
2019-09-25,0.0,0.0
2019-09-26,0.0,0.0
2019-09-27,0.0,0.0
2019-09-30,0.005392768487949194,0.03522938804883915
2019-10-01,0.0,0.0
2019-10-02,0.0,0.0
2019-10-03,0.0,0.0
2019-10-04,0.0,0.0
2019-10-07,0.00783364843355576,0.054555802579227784
2019-10-08,0.0,0.0
2019-10-09,0.0,0.0
2019-10-10,0.0,0.0
2019-10-11,0.0,0.0
2019-10-14,0.004525811050511613,0.0485273155044981
2019-10-15,0.0,0.0
2019-10-16,0.0,0.0
2019-10-17,0.0,0.0
2019-10-18,0.0,0.0
2019-10-21,0.004485498024998397,0.07347580761421799
2019-10-22,0.0,0.0
2019-10-23,0.0,0.0
2019-10-24,0.0,0.0
2019-10-25,0.0,0.0
2019-10-28,0.005738687364037147,0.0988732004687477
2019-10-29,0.0,0.0
2019-10-30,0.0,0.0
2019-10-31,0.0,0.0
2019-11-01,0.0,0.0
2019-11-04,0.00492929609376886,0.0942959151932896
2019-11-05,0.0,0.0
2019-11-06,0.0,0.0
2019-11-07,0.0,0.0
2019-11-08,0.0,0.0
2019-11-11,0.007742500756012044,0.07982200127020755
2019-11-12,0.0,0.0
2019-11-13,0.0,0.0
2019-11-14,0.0,0.0
2019-11-15,0.0,0.0
2019-11-18,0.004110100969005014,0.22869597233081074
2019-11-19,0.0,0.0
2019-11-20,0.0,0.0
2019-11-21,0.0,0.0
2019-11-22,0.0,0.0
2019-11-25,0.003218466042707452,0.09503373826345882
2019-11-26,0.0,0.0
2019-11-27,0.0,0.0
2019-11-29,0.0,0.0
2019-12-02,0.0036859066451086983,0.03593460560348763
2019-12-03,0.0,0.0
2019-12-04,0.0,0.0
2019-12-05,0.0,0.0
2019-12-06,0.0,0.0
2019-12-09,0.003424583877048755,0.10751493301279103
2019-12-10,0.0,0.0
2019-12-11,0.0,0.0
2019-12-12,0.0,0.0
2019-12-13,0.0,0.0
2019-12-16,0.0021579588440006348,0.044703301545675984
2019-12-17,0.0,0.0
2019-12-18,0.0,0.0
2019-12-19,0.0,0.0
2019-12-20,0.0,0.0
2019-12-23,0.0036011563565341506,0.04271816901399844
2019-12-24,0.0,0.0
2019-12-26,0.0,0.0
2019-12-27,0.0,0.0
2019-12-30,0.0016137310285077866,0.03123008197827911
2019-12-31,0.0,0.0
2020-01-02,0.0,0.0
2020-01-03,0.0,0.0
2020-01-06,0.004471176573342457,0.024120700050843064
2020-01-07,0.0,0.0
2020-01-08,0.0,0.0
2020-01-09,0.0,0.0
2020-01-10,0.0,0.0
2020-01-13,0.0035551136387836912,0.07206413718992413
2020-01-14,0.0,0.0
2020-01-15,0.0,0.0
2020-01-16,0.0,0.0
2020-01-17,0.0,0.0
2020-01-21,0.004583282490697151,0.06567684115005613
2020-01-22,0.0,0.0
2020-01-23,0.0,0.0
2020-01-24,0.0,0.0
2020-01-27,0.006891643375716371,0.03626081924855702
2020-01-28,0.0,0.0
2020-01-29,0.0,0.0
2020-01-30,0.0,0.0
2020-01-31,0.0,0.0
2020-02-03,0.007769126289767468,0.06480404978754632
2020-02-04,0.0,0.0
2020-02-05,0.0,0.0
2020-02-06,0.0,0.0
2020-02-07,0.0,0.0
2020-02-10,0.0064653413812321495,0.03648954356514367
2020-02-11,0.0,0.0
2020-02-12,0.0,0.0
2020-02-13,0.0,0.0
2020-02-14,0.0,0.0
2020-02-18,0.00349759443409961,0.01676615916674273
2020-02-19,0.0,0.0
2020-02-20,0.0,0.0
2020-02-21,0.0,0.0
2020-02-24,0.002836893945446041,0.029797514641183506
2020-02-25,0.0,0.0
2020-02-26,0.0,0.0
2020-02-27,0.0,0.0
2020-02-28,0.0,0.0
2020-03-02,0.00808398979860911,0.030500998589016635
2020-03-03,0.0,0.0
2020-03-04,0.0,0.0
2020-03-05,0.0,0.0
2020-03-06,0.0,0.0
2020-03-09,0.018043488930818002,0.05424683952347735
2020-03-10,0.0,0.0
2020-03-11,0.0,0.0
2020-03-12,0.0,0.0
2020-03-13,0.0,0.0
2020-03-16,0.022449505425490186,0.18683241019478947
2020-03-17,0.0,0.0
2020-03-18,0.0,0.0
2020-03-19,0.0,0.0
2020-03-20,0.0,0.0
2020-03-23,0.01500313167628125,0.279270462459507
2020-03-24,0.0,0.0
2020-03-25,0.0,0.0
2020-03-26,0.0,0.0
2020-03-27,0.0,0.0
2020-03-30,0.011370162789265038,0.13060555357280706
2020-03-31,0.0,0.0
2020-04-01,0.0,0.0
2020-04-02,0.0,0.0
2020-04-03,0.0,0.0
2020-04-06,0.01942240521107033,0.1297002340152154
2020-04-07,0.0,0.0
2020-04-08,0.0,0.0
2020-04-09,0.0,0.0
2020-04-13,0.017418719350099678,0.033288545059688354
2020-04-14,0.0,0.0
2020-04-15,0.0,0.0
2020-04-16,0.0,0.0
2020-04-17,0.0,0.0
2020-04-20,0.016181567348316113,0.039873452621288386
2020-04-21,0.0,0.0
2020-04-22,0.0,0.0
2020-04-23,0.0,0.0
2020-04-24,0.0,0.0
2020-04-27,0.007164329253568538,0.02856591776879743
2020-04-28,0.0,0.0
2020-04-29,0.0,0.0
2020-04-30,0.0,0.0
2020-05-01,0.0,0.0
2020-05-04,0.009375617892432103,0.015402418221022125
2020-05-05,0.0,0.0
2020-05-06,0.0,0.0
2020-05-07,0.0,0.0
2020-05-08,0.0,0.0
2020-05-11,0.010947928524877568,0.019591608773821427
2020-05-12,0.0,0.0
2020-05-13,0.0,0.0
2020-05-14,0.0,0.0
2020-05-15,0.0,0.0
2020-05-18,0.010930796729456418,0.020604637391551887
2020-05-19,0.0,0.0
2020-05-20,0.0,0.0
2020-05-21,0.0,0.0
2020-05-22,0.0,0.0
2020-05-26,0.00972700392022035,0.028481483341450117
2020-05-27,0.0,0.0
2020-05-28,0.0,0.0
2020-05-29,0.0,0.0
2020-06-01,0.008505936142830746,0.019012558767679134
2020-06-02,0.0,0.0
2020-06-03,0.0,0.0
2020-06-04,0.0,0.0
2020-06-05,0.0,0.0
2020-06-08,0.020290501857939985,0.034071470398578815
2020-06-09,0.0,0.0
2020-06-10,0.0,0.0
2020-06-11,0.0,0.0
2020-06-12,0.0,0.0
2020-06-15,0.013497019817729779,0.03530351379784941
2020-06-16,0.0,0.0
2020-06-17,0.0,0.0
2020-06-18,0.0,0.0
2020-06-19,0.0,0.0
2020-06-22,0.006889709518465036,0.01953816570016682
2020-06-23,0.0,0.0
2020-06-24,0.0,0.0
2020-06-25,0.0,0.0
2020-06-26,0.0,0.0
2020-06-29,0.006411048340547926,0.0354123746620299
2020-06-30,0.0,0.0
2020-07-01,0.0,0.0
2020-07-02,0.0,0.0
2020-07-06,0.004750399883087952,0.012615270642169975
2020-07-07,0.0,0.0
2020-07-08,0.0,0.0
2020-07-09,0.0,0.0
2020-07-10,0.0,0.0
2020-07-13,0.00978959244471813,0.021382104967643235
2020-07-14,0.0,0.0
2020-07-15,0.0,0.0
2020-07-16,0.0,0.0
2020-07-17,0.0,0.0
2020-07-20,0.009382638597480307,0.026049735485239756
2020-07-21,0.0,0.0
2020-07-22,0.0,0.0
2020-07-23,0.0,0.0
2020-07-24,0.0,0.0
2020-07-27,0.004522485001302479,0.020071112721509833
2020-07-28,0.0,0.0
2020-07-29,0.0,0.0
2020-07-30,0.0,0.0
2020-07-31,0.0,0.0
2020-08-03,0.00833491956191984,0.011058982285441353
2020-08-04,0.0,0.0
2020-08-05,0.0,0.0
2020-08-06,0.0,0.0
2020-08-07,0.0,0.0
2020-08-10,0.004800197875165488,0.008949032658872522
2020-08-11,0.0,0.0
2020-08-12,0.0,0.0
2020-08-13,0.0,0.0
2020-08-14,0.0,0.0
2020-08-17,0.005574010352633045,0.016206958797750744
2020-08-18,0.0,0.0
2020-08-19,0.0,0.0
2020-08-20,0.0,0.0
2020-08-21,0.0,0.0
2020-08-24,0.010102367161333878,0.023844185891994482
2020-08-25,0.0,0.0
2020-08-26,0.0,0.0
2020-08-27,0.0,0.0
2020-08-28,0.0,0.0
2020-08-31,0.0063710849025397295,0.017656812553390522
2020-09-01,0.0,0.0
2020-09-02,0.0,0.0
2020-09-03,0.0,0.0
2020-09-04,0.0,0.0
2020-09-08,0.007705696296336079,0.02285933679834231
2020-09-09,0.0,0.0
2020-09-10,0.0,0.0
2020-09-11,0.0,0.0
2020-09-14,0.008683791111811993,0.026483600241700923
2020-09-15,0.0,0.0
2020-09-16,0.0,0.0
2020-09-17,0.0,0.0
2020-09-18,0.0,0.0
2020-09-21,0.006368432000421614,0.020080162959451364
2020-09-22,0.0,0.0
2020-09-23,0.0,0.0
2020-09-24,0.0,0.0
2020-09-25,0.0,0.0
2020-09-28,0.013250951947000766,0.010237124684388654
2020-09-29,0.0,0.0
2020-09-30,0.0,0.0
2020-10-01,0.0,0.0
2020-10-02,0.0,0.0
2020-10-05,0.006069171909465772,0.027084557958637196
2020-10-06,0.0,0.0
2020-10-07,0.0,0.0
2020-10-08,0.0,0.0
2020-10-09,0.0,0.0
2020-10-12,0.00295481352568399,0.016450214275071158
2020-10-13,0.0,0.0
2020-10-14,0.0,0.0
2020-10-15,0.0,0.0
2020-10-16,0.0,0.0
2020-10-19,0.004060507299816933,0.0035827461394381255
2020-10-20,0.0,0.0
2020-10-21,0.0,0.0
2020-10-22,0.0,0.0
2020-10-23,0.0,0.0
2020-10-26,0.0040959870188369135,0.023769337102010235
2020-10-27,0.0,0.0
2020-10-28,0.0,0.0
2020-10-29,0.0,0.0
2020-10-30,0.0,0.0
2020-11-02,0.00421149479102572,0.0384714930306162
2020-11-03,0.0,0.0
2020-11-04,0.0,0.0
2020-11-05,0.0,0.0
2020-11-06,0.0,0.0
2020-11-09,0.011023169465419702,0.019309077856519703
2020-11-10,0.0,0.0
2020-11-11,0.0,0.0
2020-11-12,0.0,0.0
2020-11-13,0.0,0.0
2020-11-16,0.01814727209674489,0.01766050128231106
2020-11-17,0.0,0.0
2020-11-18,0.0,0.0
2020-11-19,0.0,0.0
2020-11-20,0.0,0.0
2020-11-23,0.009933280385439426,0.006992122663019892
2020-11-24,0.0,0.0
2020-11-25,0.0,0.0
2020-11-27,0.0,0.0
2020-11-30,0.008546114095771759,0.012909652068859946
2020-12-01,0.0,0.0
2020-12-02,0.0,0.0
2020-12-03,0.0,0.0
2020-12-04,0.0,0.0
2020-12-07,0.007506780073086854,0.040364383045731866
2020-12-08,0.0,0.0
2020-12-09,0.0,0.0
2020-12-10,0.0,0.0
2020-12-11,0.0,0.0
2020-12-14,0.0031017636909697957,0.013788185791006331
2020-12-15,0.0,0.0
2020-12-16,0.0,0.0
2020-12-17,0.0,0.0
2020-12-18,0.0,0.0
2020-12-21,0.007053846273358345,0.01008860163132809
2020-12-22,0.0,0.0
2020-12-23,0.0,0.0
2020-12-24,0.0,0.0
2020-12-28,0.004363821565547522,0.013197977747174974
2020-12-29,0.0,0.0
2020-12-30,0.0,0.0
2020-12-31,0.0,0.0
2021-01-04,0.00332712761267686,0.0019354065272732049
2021-01-05,0.0,0.0
2021-01-06,0.0,0.0
2021-01-07,0.0,0.0
2021-01-08,0.0,0.0
2021-01-11,0.013341034864061081,0.010802595521963207
2021-01-12,0.0,0.0
2021-01-13,0.0,0.0
2021-01-14,0.0,0.0
2021-01-15,0.0,0.0
2021-01-19,0.006748311746005903,0.03201832629744036
2021-01-20,0.0,0.0
2021-01-21,0.0,0.0
2021-01-22,0.0,0.0
2021-01-25,0.007766162531130091,0.013236336108466126
2021-01-26,0.0,0.0
2021-01-27,0.0,0.0
2021-01-28,0.0,0.0
2021-01-29,0.0,0.0
2021-02-01,0.007934715656991657,0.01771149874319062
2021-02-02,0.0,0.0
2021-02-03,0.0,0.0
2021-02-04,0.0,0.0
2021-02-05,0.0,0.0
2021-02-08,0.009080679542279944,0.03310950249237744
2021-02-09,0.0,0.0
2021-02-10,0.0,0.0
2021-02-11,0.0,0.0
2021-02-12,0.0,0.0
2021-02-16,0.006992233292899892,0.02500249245294099
2021-02-17,0.0,0.0
2021-02-18,0.0,0.0
2021-02-19,0.0,0.0
2021-02-22,0.008717112754870714,0.01720525622427311
2021-02-23,0.0,0.0
2021-02-24,0.0,0.0
2021-02-25,0.0,0.0
2021-02-26,0.0,0.0
2021-03-01,0.010510913184527244,0.03521098665855742
2021-03-02,0.0,0.0
2021-03-03,0.0,0.0
2021-03-04,0.0,0.0
2021-03-05,0.0,0.0
2021-03-08,0.01156358899296274,0.021661485750606682
2021-03-09,0.0,0.0
2021-03-10,0.0,0.0
2021-03-11,0.0,0.0
2021-03-12,0.0,0.0
2021-03-15,0.006628040309413122,0.034990405879139014
2021-03-16,0.0,0.0
2021-03-17,0.0,0.0
2021-03-18,0.0,0.0
2021-03-19,0.0,0.0
2021-03-22,0.007519470612158831,0.021186008621452042
2021-03-23,0.0,0.0
2021-03-24,0.0,0.0
2021-03-25,0.0,0.0
2021-03-26,0.0,0.0
2021-03-29,0.004086913849886388,0.034475141301912336
2021-03-30,0.0,0.0
2021-03-31,0.0,0.0
2021-04-01,0.0,0.0
2021-04-05,0.0041195123125185515,0.03887648381177865
2021-04-06,0.0,0.0
2021-04-07,0.0,0.0
2021-04-08,0.0,0.0
2021-04-09,0.0,0.0
2021-04-12,0.007192761658698359,0.007834107955802638
2021-04-13,0.0,0.0
2021-04-14,0.0,0.0
2021-04-15,0.0,0.0
2021-04-16,0.0,0.0
2021-04-19,0.0053568898948093135,0.015214501194227202
2021-04-20,0.0,0.0
2021-04-21,0.0,0.0
2021-04-22,0.0,0.0
2021-04-23,0.0,0.0
2021-04-26,0.003814853186698386,0.028339004478935666
2021-04-27,0.0,0.0
2021-04-28,0.0,0.0
2021-04-29,0.0,0.0
2021-04-30,0.0,0.0
2021-05-03,0.006362934518576037,0.011190660866953573
2021-05-04,0.0,0.0
2021-05-05,0.0,0.0
2021-05-06,0.0,0.0
2021-05-07,0.0,0.0
2021-05-10,0.012454517867948739,0.041769313259776175
2021-05-11,0.0,0.0
2021-05-12,0.0,0.0
2021-05-13,0.0,0.0
2021-05-14,0.0,0.0
2021-05-17,0.005071505527059789,0.024520864584062125
2021-05-18,0.0,0.0
2021-05-19,0.0,0.0
2021-05-20,0.0,0.0
2021-05-21,0.0,0.0
2021-05-24,0.004697977222490386,0.016745118240749958
2021-05-25,0.0,0.0
2021-05-26,0.0,0.0
2021-05-27,0.0,0.0
2021-05-28,0.0,0.0
2021-06-01,0.00536973826339731,0.02395712629761752
2021-06-02,0.0,0.0
2021-06-03,0.0,0.0
2021-06-04,0.0,0.0
2021-06-07,0.006740947939139687,0.019384999789728092
2021-06-08,0.0,0.0
2021-06-09,0.0,0.0
2021-06-10,0.0,0.0
2021-06-11,0.0,0.0
2021-06-14,0.007344573806121871,0.021507587513234543
2021-06-15,0.0,0.0
2021-06-16,0.0,0.0
2021-06-17,0.0,0.0
2021-06-18,0.0,0.0
2021-06-21,0.010097766032134574,0.033441474401866886
2021-06-22,0.0,0.0
2021-06-23,0.0,0.0
2021-06-24,0.0,0.0
2021-06-25,0.0,0.0
2021-06-28,0.006755192417911643,0.03124550110610894
2021-06-29,0.0,0.0
2021-06-30,0.0,0.0
2021-07-01,0.0,0.0
2021-07-02,0.0,0.0
2021-07-06,0.004792124772854539,0.015848588686945917
2021-07-07,0.0,0.0
2021-07-08,0.0,0.0
2021-07-09,0.0,0.0
2021-07-12,0.004312497712529659,0.0211835465874528
2021-07-13,0.0,0.0
2021-07-14,0.0,0.0
2021-07-15,0.0,0.0
2021-07-16,0.0,0.0
2021-07-19,0.0098875296200924,0.02277114030409177
2021-07-20,0.0,0.0
2021-07-21,0.0,0.0
2021-07-22,0.0,0.0
2021-07-23,0.0,0.0
2021-07-26,0.005643932519662734,0.012857414969693632
2021-07-27,0.0,0.0
2021-07-28,0.0,0.0
2021-07-29,0.0,0.0
2021-07-30,0.0,0.0
2021-08-02,0.004545012527721583,0.002682509100189052
2021-08-03,0.0,0.0
2021-08-04,0.0,0.0
2021-08-05,0.0,0.0
2021-08-06,0.0,0.0
2021-08-09,0.004791980859310062,0.012847254060622964
2021-08-10,0.0,0.0
2021-08-11,0.0,0.0
2021-08-12,0.0,0.0
2021-08-13,0.0,0.0
2021-08-16,0.004455478729434567,0.007182588366677126
2021-08-17,0.0,0.0
2021-08-18,0.0,0.0
2021-08-19,0.0,0.0
2021-08-20,0.0,0.0
2021-08-23,0.011287221462225987,0.009991206686967014
2021-08-24,0.0,0.0
2021-08-25,0.0,0.0
2021-08-26,0.0,0.0
2021-08-27,0.0,0.0
2021-08-30,0.010623853130229233,0.01568320940635967
2021-08-31,0.0,0.0
2021-09-01,0.0,0.0
2021-09-02,0.0,0.0
2021-09-03,0.0,0.0
2021-09-07,0.006053157317141164,0.013677788791065744
2021-09-08,0.0,0.0
2021-09-09,0.0,0.0
2021-09-10,0.0,0.0
2021-09-13,0.0023806462281461688,0.02039396754070218
2021-09-14,0.0,0.0
2021-09-15,0.0,0.0
2021-09-16,0.0,0.0
2021-09-17,0.0,0.0
2021-09-20,0.006902498339358416,0.015060055590942634
2021-09-21,0.0,0.0
2021-09-22,0.0,0.0
2021-09-23,0.0,0.0
2021-09-24,0.0,0.0
2021-09-27,0.005787330906514308,0.021243820233205743
2021-09-28,0.0,0.0
2021-09-29,0.0,0.0
2021-09-30,0.0,0.0
2021-10-01,0.0,0.0
2021-10-04,0.009115870047401123,0.020633971459477738
2021-10-05,0.0,0.0
2021-10-06,0.0,0.0
2021-10-07,0.0,0.0
2021-10-08,0.0,0.0
2021-10-11,0.00489235038476022,0.02518589411041316
2021-10-12,0.0,0.0
2021-10-13,0.0,0.0
2021-10-14,0.0,0.0
2021-10-15,0.0,0.0
2021-10-18,0.004243130788644016,0.018444639542059785
2021-10-19,0.0,0.0
2021-10-20,0.0,0.0
2021-10-21,0.0,0.0
2021-10-22,0.0,0.0
2021-10-25,0.0032565506470016783,0.013882085872030919
2021-10-26,0.0,0.0
2021-10-27,0.0,0.0
2021-10-28,0.0,0.0
2021-10-29,0.0,0.0
2021-11-01,0.006680064847343001,0.023023042799453088
2021-11-02,0.0,0.0
2021-11-03,0.0,0.0
2021-11-04,0.0,0.0
2021-11-05,0.0,0.0
2021-11-08,0.00740543102618,0.006915025031199951
2021-11-09,0.0,0.0
2021-11-10,0.0,0.0
2021-11-11,0.0,0.0
2021-11-12,0.0,0.0
2021-11-15,0.005703910449153721,0.010516987403864045
2021-11-16,0.0,0.0
2021-11-17,0.0,0.0
2021-11-18,0.0,0.0
2021-11-19,0.0,0.0
2021-11-22,0.009999041534612514,0.03908907299743919
2021-11-23,0.0,0.0
2021-11-24,0.0,0.0
2021-11-26,0.0,0.0
2021-11-29,0.006632416033798889,0.019966590768203528
2021-11-30,0.0,0.0
2021-12-01,0.0,0.0
2021-12-02,0.0,0.0
2021-12-03,0.0,0.0
2021-12-06,0.0031957439824756018,0.014241750303659156
2021-12-07,0.0,0.0
2021-12-08,0.0,0.0
2021-12-09,0.0,0.0
2021-12-10,0.0,0.0
2021-12-13,0.0032617292149846877,0.02715795678572445
2021-12-14,0.0,0.0
2021-12-15,0.0,0.0
2021-12-16,0.0,0.0
2021-12-17,0.0,0.0
2021-12-20,0.011941118751820572,0.057713797289653666
2021-12-21,0.0,0.0
2021-12-22,0.0,0.0
2021-12-23,0.0,0.0
2021-12-27,0.0046367090195085225,0.03154335873060675
2021-12-28,0.0,0.0
2021-12-29,0.0,0.0
2021-12-30,0.0,0.0
2021-12-31,0.0,0.0
2022-01-03,0.003879271924463419,0.014742079956344703
2022-01-04,0.0,0.0
2022-01-05,0.0,0.0
2022-01-06,0.0,0.0
2022-01-07,0.0,0.0
2022-01-10,0.01771320584485305,0.020195822541963646
2022-01-11,0.0,0.0
2022-01-12,0.0,0.0
2022-01-13,0.0,0.0
2022-01-14,0.0,0.0
2022-01-18,0.005813825270176008,0.0030389553007546463
2022-01-19,0.0,0.0
2022-01-20,0.0,0.0
2022-01-21,0.0,0.0
2022-01-24,0.010543282629906649,0.025977769991428187
2022-01-25,0.0,0.0
2022-01-26,0.0,0.0
2022-01-27,0.0,0.0
2022-01-28,0.0,0.0
2022-01-31,0.0085549578873607,0.0282022557693082
2022-02-01,0.0,0.0
2022-02-02,0.0,0.0
2022-02-03,0.0,0.0
2022-02-04,0.0,0.0
2022-02-07,0.007434639185580967,0.04031212252543588
2022-02-08,0.0,0.0
2022-02-09,0.0,0.0
2022-02-10,0.0,0.0
2022-02-11,0.0,0.0
2022-02-14,0.006343478280096723,0.012950244094492526
2022-02-15,0.0,0.0
2022-02-16,0.0,0.0
2022-02-17,0.0,0.0
2022-02-18,0.0,0.0
2022-02-22,0.004968313206334868,0.01582810324235613
2022-02-23,0.0,0.0
2022-02-24,0.0,0.0
2022-02-25,0.0,0.0
2022-02-28,0.005169242108564981,0.024425355604628468
2022-03-01,0.0,0.0
2022-03-02,0.0,0.0
2022-03-03,0.0,0.0
2022-03-04,0.0,0.0
2022-03-07,0.016051364273870994,0.003709942017009656
2022-03-08,0.0,0.0
2022-03-09,0.0,0.0
2022-03-10,0.0,0.0
2022-03-11,0.0,0.0
2022-03-14,0.0075548067103792665,0.007722280503129752
2022-03-15,0.0,0.0
2022-03-16,0.0,0.0
2022-03-17,0.0,0.0
2022-03-18,0.0,0.0
2022-03-21,0.01391263627361955,0.007581200275577488
2022-03-22,0.0,0.0
2022-03-23,0.0,0.0
2022-03-24,0.0,0.0
2022-03-25,0.0,0.0
2022-03-28,0.008255987057134546,0.0038300042803571244
2022-03-29,0.0,0.0
2022-03-30,0.0,0.0
2022-03-31,0.0,0.0
2022-04-01,0.0,0.0
2022-04-04,0.008541278808512777,0.009981581174629361
2022-04-05,0.0,0.0
2022-04-06,0.0,0.0
2022-04-07,0.0,0.0
2022-04-08,0.0,0.0
2022-04-11,0.012387505923828576,0.017852290335768333
2022-04-12,0.0,0.0
2022-04-13,0.0,0.0
2022-04-14,0.0,0.0
2022-04-18,0.00701824507166765,0.012582509908283664
2022-04-19,0.0,0.0
2022-04-20,0.0,0.0
2022-04-21,0.0,0.0
2022-04-22,0.0,0.0
2022-04-25,0.005677860423889916,0.008481932697655306
2022-04-26,0.0,0.0
2022-04-27,0.0,0.0
2022-04-28,0.0,0.0
2022-04-29,0.0,0.0
2022-05-02,0.008267086824742365,0.042887491386720995
2022-05-03,0.0,0.0
2022-05-04,0.0,0.0
2022-05-05,0.0,0.0
2022-05-06,0.0,0.0
2022-05-09,0.011136553128052042,0.029093729588450894
2022-05-10,0.0,0.0
2022-05-11,0.0,0.0
2022-05-12,0.0,0.0
2022-05-13,0.0,0.0
2022-05-16,0.005554528413567114,0.014367339434087203
2022-05-17,0.0,0.0
2022-05-18,0.0,0.0
2022-05-19,0.0,0.0
2022-05-20,0.0,0.0
2022-05-23,0.01495364880495191,0.06840346297470516
2022-05-24,0.0,0.0
2022-05-25,0.0,0.0
2022-05-26,0.0,0.0
2022-05-27,0.0,0.0
2022-05-31,0.007131202657513186,0.025554765314499184
2022-06-01,0.0,0.0
2022-06-02,0.0,0.0
2022-06-03,0.0,0.0
2022-06-06,0.004465684050913014,0.038954527512318565
2022-06-07,0.0,0.0
2022-06-08,0.0,0.0
2022-06-09,0.0,0.0
2022-06-10,0.0,0.0
2022-06-13,0.008155550552131414,0.03255006203669127
2022-06-14,0.0,0.0
2022-06-15,0.0,0.0
2022-06-16,0.0,0.0
2022-06-17,0.0,0.0
2022-06-21,0.015469037264105902,0.04247310586474632
2022-06-22,0.0,0.0
2022-06-23,0.0,0.0
2022-06-24,0.0,0.0
2022-06-27,0.011430487568566447,0.03563287480151716
2022-06-28,0.0,0.0
2022-06-29,0.0,0.0
2022-06-30,0.0,0.0
2022-07-01,0.0,0.0
2022-07-05,0.011344615589085928,0.045609178734649564
2022-07-06,0.0,0.0
2022-07-07,0.0,0.0
2022-07-08,0.0,0.0
2022-07-11,0.009867004933896861,0.027808988687738234
2022-07-12,0.0,0.0
2022-07-13,0.0,0.0
2022-07-14,0.0,0.0
2022-07-15,0.0,0.0
2022-07-18,0.0034483174618607296,0.02011469818680109
2022-07-19,0.0,0.0
2022-07-20,0.0,0.0
2022-07-21,0.0,0.0
2022-07-22,0.0,0.0
2022-07-25,0.009523200937341603,0.034280405863761736
2022-07-26,0.0,0.0
2022-07-27,0.0,0.0
2022-07-28,0.0,0.0
2022-07-29,0.0,0.0
2022-08-01,0.009107265523612948,0.012139265981166058
2022-08-02,0.0,0.0
2022-08-03,0.0,0.0
2022-08-04,0.0,0.0
2022-08-05,0.0,0.0
2022-08-08,0.00802125184931337,0.017730268475159277
2022-08-09,0.0,0.0
2022-08-10,0.0,0.0
2022-08-11,0.0,0.0
2022-08-12,0.0,0.0
2022-08-15,0.007363594412610482,0.010639257163450861
2022-08-16,0.0,0.0
2022-08-17,0.0,0.0
2022-08-18,0.0,0.0
2022-08-19,0.0,0.0
2022-08-22,0.006498858434630737,0.010875527484026624
2022-08-23,0.0,0.0
2022-08-24,0.0,0.0
2022-08-25,0.0,0.0
2022-08-26,0.0,0.0
2022-08-29,0.00968257400845754,0.01938649785870778
2022-08-30,0.0,0.0
2022-08-31,0.0,0.0
2022-09-01,0.0,0.0
2022-09-02,0.0,0.0
2022-09-06,0.005216083630306692,0.004224152360547469
2022-09-07,0.0,0.0
2022-09-08,0.0,0.0
2022-09-09,0.0,0.0
2022-09-12,0.005528978587633487,0.014930888813933858
2022-09-13,0.0,0.0
2022-09-14,0.0,0.0
2022-09-15,0.0,0.0
2022-09-16,0.0,0.0
2022-09-19,0.007072694613277003,0.003935813679568013
2022-09-20,0.0,0.0
2022-09-21,0.0,0.0
2022-09-22,0.0,0.0
2022-09-23,0.0,0.0
2022-09-26,0.009212417365223859,0.007219979804311943
2022-09-27,0.0,0.0
2022-09-28,0.0,0.0
2022-09-29,0.0,0.0
2022-09-30,0.0,0.0
2022-10-03,0.010058106194604129,0.02674995407790026
2022-10-04,0.0,0.0
2022-10-05,0.0,0.0
2022-10-06,0.0,0.0
2022-10-07,0.0,0.0
2022-10-10,0.013289866719607753,0.026416596426454858
2022-10-11,0.0,0.0
2022-10-12,0.0,0.0
2022-10-13,0.0,0.0
2022-10-14,0.0,0.0
2022-10-17,0.008221834842766555,0.018246799482175134
2022-10-18,0.0,0.0
2022-10-19,0.0,0.0
2022-10-20,0.0,0.0
2022-10-21,0.0,0.0
2022-10-24,0.008711307261461312,0.022927253279744077
2022-10-25,0.0,0.0
2022-10-26,0.0,0.0
2022-10-27,0.0,0.0
2022-10-28,0.0,0.0
2022-10-31,0.007308815489668774,0.02934882192166379
2022-11-01,0.0,0.0
2022-11-02,0.0,0.0
2022-11-03,0.0,0.0
2022-11-04,0.0,0.0
2022-11-07,0.010724394879527033,0.025112502939907883
2022-11-08,0.0,0.0
2022-11-09,0.0,0.0
2022-11-10,0.0,0.0
2022-11-11,0.0,0.0
2022-11-14,0.011549446344759177,0.012128024765934876
2022-11-15,0.0,0.0
2022-11-16,0.0,0.0
2022-11-17,0.0,0.0
2022-11-18,0.0,0.0
2022-11-21,0.0063499988201028215,0.007713137237668128
2022-11-22,0.0,0.0
2022-11-23,0.0,0.0
2022-11-25,0.0,0.0
2022-11-28,0.003220933315151546,0.02244478634160313
2022-11-29,0.0,0.0
2022-11-30,0.0,0.0
2022-12-01,0.0,0.0
2022-12-02,0.0,0.0
2022-12-05,0.005012710779110405,0.011177914961409088
2022-12-06,0.0,0.0
2022-12-07,0.0,0.0
2022-12-08,0.0,0.0
2022-12-09,0.0,0.0
2022-12-12,0.007889331269403464,0.024487155892310326
2022-12-13,0.0,0.0
2022-12-14,0.0,0.0
2022-12-15,0.0,0.0
2022-12-16,0.0,0.0
2022-12-19,0.006072342672362029,0.014617250038341434
2022-12-20,0.0,0.0
2022-12-21,0.0,0.0
2022-12-22,0.0,0.0
2022-12-23,0.0,0.0
2022-12-27,0.00739643718551352,0.013901919514395018
2022-12-28,0.0,0.0
2022-12-29,0.0,0.0
2022-12-30,0.0,0.0
2023-01-03,0.0020324510561647094,0.008436385762155673
2023-01-04,0.0,0.0
2023-01-05,0.0,0.0
2023-01-06,0.0,0.0
2023-01-09,0.006038396124409019,0.04113660407323874
2023-01-10,0.0,0.0
2023-01-11,0.0,0.0
2023-01-12,0.0,0.0
2023-01-13,0.0,0.0
2023-01-17,0.009260201917627636,0.01493215099374454
2023-01-18,0.0,0.0
2023-01-19,0.0,0.0
2023-01-20,0.0,0.0
2023-01-23,0.006266014376560491,0.018595056450587556
2023-01-24,0.0,0.0
2023-01-25,0.0,0.0
2023-01-26,0.0,0.0
2023-01-27,0.0,0.0
2023-01-30,0.008919168461094265,0.0331699930761703
2023-01-31,0.0,0.0
2023-02-01,0.0,0.0
2023-02-02,0.0,0.0
2023-02-03,0.0,0.0
2023-02-06,0.009145088054446089,0.006580404036812023
2023-02-07,0.0,0.0
2023-02-08,0.0,0.0
2023-02-09,0.0,0.0
2023-02-10,0.0,0.0
2023-02-13,0.00578197903878571,0.010135583315119835
2023-02-14,0.0,0.0
2023-02-15,0.0,0.0
2023-02-16,0.0,0.0
2023-02-17,0.0,0.0
2023-02-21,0.007158063809005605,0.01137300337086352
2023-02-22,0.0,0.0
2023-02-23,0.0,0.0
2023-02-24,0.0,0.0
2023-02-27,0.005575931683122627,0.03563909416769658
2023-02-28,0.0,0.0
2023-03-01,0.0,0.0
2023-03-02,0.0,0.0
2023-03-03,0.0,0.0
2023-03-06,0.00709788766921849,0.011716643521863973
2023-03-07,0.0,0.0
2023-03-08,0.0,0.0
2023-03-09,0.0,0.0
2023-03-10,0.0,0.0
2023-03-13,0.009042310983813723,0.05642930571759833
2023-03-14,0.0,0.0
2023-03-15,0.0,0.0
2023-03-16,0.0,0.0
2023-03-17,0.0,0.0
2023-03-20,0.018773577820623305,0.08133265121890322
2023-03-21,0.0,0.0
2023-03-22,0.0,0.0
2023-03-23,0.0,0.0
2023-03-24,0.0,0.0
2023-03-27,0.004398203254024492,0.04264870148806513
2023-03-28,0.0,0.0
2023-03-29,0.0,0.0
2023-03-30,0.0,0.0
2023-03-31,0.0,0.0
2023-04-03,0.005889742333282141,0.020385785406989654
2023-04-04,0.0,0.0
2023-04-05,0.0,0.0
2023-04-06,0.0,0.0
2023-04-10,0.010703283316295428,0.028928004010724276
2023-04-11,0.0,0.0
2023-04-12,0.0,0.0
2023-04-13,0.0,0.0
2023-04-14,0.0,0.0
2023-04-17,0.0057877617313486715,0.004733440298554943
2023-04-18,0.0,0.0
2023-04-19,0.0,0.0
2023-04-20,0.0,0.0
2023-04-21,0.0,0.0
2023-04-24,0.004744624910343262,0.03985380574015287
2023-04-25,0.0,0.0
2023-04-26,0.0,0.0
2023-04-27,0.0,0.0
2023-04-28,0.0,0.0
2023-05-01,0.003495701532197179,0.016183032015472873
2023-05-02,0.0,0.0
2023-05-03,0.0,0.0
2023-05-04,0.0,0.0
2023-05-05,0.0,0.0
2023-05-08,0.006747339201392144,0.032699400833264905
2023-05-09,0.0,0.0
2023-05-10,0.0,0.0
2023-05-11,0.0,0.0
2023-05-12,0.0,0.0
2023-05-15,0.003838415228864349,0.03588387689202008
2023-05-16,0.0,0.0
2023-05-17,0.0,0.0
2023-05-18,0.0,0.0
2023-05-19,0.0,0.0
2023-05-22,0.009332222773161036,0.027495444535778474
2023-05-23,0.0,0.0
2023-05-24,0.0,0.0
2023-05-25,0.0,0.0
2023-05-26,0.0,0.0
2023-05-30,0.008276938433871797,0.039448198598643305
2023-05-31,0.0,0.0
2023-06-01,0.0,0.0
2023-06-02,0.0,0.0
2023-06-05,0.004173858777729321,0.029460713313926044
2023-06-06,0.0,0.0
2023-06-07,0.0,0.0
2023-06-08,0.0,0.0
2023-06-09,0.0,0.0
2023-06-12,0.004728634054042669,0.02407125741482882
2023-06-13,0.0,0.0
2023-06-14,0.0,0.0
2023-06-15,0.0,0.0
2023-06-16,0.0,0.0
2023-06-20,0.005751914680099855,0.018448290124864167
2023-06-21,0.0,0.0
2023-06-22,0.0,0.0
2023-06-23,0.0,0.0
2023-06-26,0.004933540838972322,0.02146233266770539
2023-06-27,0.0,0.0
2023-06-28,0.0,0.0
2023-06-29,0.0,0.0
2023-06-30,0.0,0.0
2023-07-03,0.0065408035221068556,0.026185215542214015
2023-07-05,0.0,0.0
2023-07-06,0.0,0.0
2023-07-07,0.0,0.0
2023-07-10,0.0035342690300715768,0.04099674212923352
2023-07-11,0.0,0.0
2023-07-12,0.0,0.0
2023-07-13,0.0,0.0
2023-07-14,0.0,0.0
2023-07-17,0.0026928623102822763,0.025699402889192556
2023-07-18,0.0,0.0
2023-07-19,0.0,0.0
2023-07-20,0.0,0.0
2023-07-21,0.0,0.0
2023-07-24,0.007308293942724496,0.0225904398095091
2023-07-25,0.0,0.0
2023-07-26,0.0,0.0
2023-07-27,0.0,0.0
2023-07-28,0.0,0.0
2023-07-31,0.004768541615267234,0.01901888888278597
2023-08-01,0.0,0.0
2023-08-02,0.0,0.0
2023-08-03,0.0,0.0
2023-08-04,0.0,0.0
2023-08-07,0.005933182158458394,0.07521084518380165
2023-08-08,0.0,0.0
2023-08-09,0.0,0.0
2023-08-10,0.0,0.0
2023-08-11,0.0,0.0
2023-08-14,0.006693118471346703,0.05409492943600133
2023-08-15,0.0,0.0
2023-08-16,0.0,0.0
2023-08-17,0.0,0.0
2023-08-18,0.0,0.0
2023-08-21,0.0034926442547631165,0.021294535338007244
2023-08-22,0.0,0.0
2023-08-23,0.0,0.0
2023-08-24,0.0,0.0
2023-08-25,0.0,0.0
2023-08-28,0.003598155148871622,0.004359851002332521
2023-08-29,0.0,0.0
2023-08-30,0.0,0.0
2023-08-31,0.0,0.0
2023-09-01,0.0,0.0
2023-09-05,0.008228871829108204,0.019187543689270975
2023-09-06,0.0,0.0
2023-09-07,0.0,0.0
2023-09-08,0.0,0.0
2023-09-11,0.00546092947745376,0.018751848336702216
2023-09-12,0.0,0.0
2023-09-13,0.0,0.0
2023-09-14,0.0,0.0
2023-09-15,0.0,0.0
2023-09-18,0.00549744117347567,0.02471675359769609
2023-09-19,0.0,0.0
2023-09-20,0.0,0.0
2023-09-21,0.0,0.0
2023-09-22,0.0,0.0
2023-09-25,0.00502904046720791,0.010321555855331056
2023-09-26,0.0,0.0
2023-09-27,0.0,0.0
2023-09-28,0.0,0.0
2023-09-29,0.0,0.0
2023-10-02,0.007560339706301274,0.030560231038687224
2023-10-03,0.0,0.0
2023-10-04,0.0,0.0
2023-10-05,0.0,0.0
2023-10-06,0.0,0.0
2023-10-09,0.008949235508032831,0.0300047868030381
2023-10-10,0.0,0.0
2023-10-11,0.0,0.0
2023-10-12,0.0,0.0
2023-10-13,0.0,0.0
2023-10-16,0.006776043351743852,0.005144017165467894
2023-10-17,0.0,0.0
2023-10-18,0.0,0.0
2023-10-19,0.0,0.0
2023-10-20,0.0,0.0
2023-10-23,0.006878705081217219,0.008766232271309814
2023-10-24,0.0,0.0
2023-10-25,0.0,0.0
2023-10-26,0.0,0.0
2023-10-27,0.0,0.0
2023-10-30,0.00755142285603104,0.05121454891008864
2023-10-31,0.0,0.0
2023-11-01,0.0,0.0
2023-11-02,0.0,0.0
2023-11-03,0.0,0.0
2023-11-06,0.006561696669182666,0.023379743836816284
2023-11-07,0.0,0.0
2023-11-08,0.0,0.0
2023-11-09,0.0,0.0
2023-11-10,0.0,0.0
2023-11-13,0.00895634778541067,0.04685172527506217
2023-11-14,0.0,0.0
2023-11-15,0.0,0.0
2023-11-16,0.0,0.0
2023-11-17,0.0,0.0
2023-11-20,0.004667840510744363,0.04803101661222228
2023-11-21,0.0,0.0
2023-11-22,0.0,0.0
2023-11-24,0.0,0.0
2023-11-27,0.0019321566329319056,0.023275743626211542
2023-11-28,0.0,0.0
2023-11-29,0.0,0.0
2023-11-30,0.0,0.0
2023-12-01,0.0,0.0
2023-12-04,0.0037924805317852903,0.013303605081029766
2023-12-05,0.0,0.0
2023-12-06,0.0,0.0
2023-12-07,0.0,0.0
2023-12-08,0.0,0.0
2023-12-11,0.005296515166601734,0.015476314877651092
2023-12-12,0.0,0.0
2023-12-13,0.0,0.0
2023-12-14,0.0,0.0
2023-12-15,0.0,0.0
2023-12-18,0.0043250030193486486,0.011883576419101777
2023-12-19,0.0,0.0
2023-12-20,0.0,0.0
2023-12-21,0.0,0.0
2023-12-22,0.0,0.0
2023-12-26,0.0026661299164715824,0.014886916433845158
2023-12-27,0.0,0.0
2023-12-28,0.0,0.0
2023-12-29,0.0,0.0
2024-01-02,0.003290194857974542,0.009823837552432341
2024-01-03,0.0,0.0
2024-01-04,0.0,0.0
2024-01-05,0.0,0.0
2024-01-08,0.009743039715580902,0.012196705161720143
2024-01-09,0.0,0.0
2024-01-10,0.0,0.0
2024-01-11,0.0,0.0
2024-01-12,0.0,0.0
2024-01-16,0.007395189963527671,0.07932819354834945
2024-01-17,0.0,0.0
2024-01-18,0.0,0.0
2024-01-19,0.0,0.0
2024-01-22,0.008572003242188153,0.027696300345002065
2024-01-23,0.0,0.0
2024-01-24,0.0,0.0
2024-01-25,0.0,0.0
2024-01-26,0.0,0.0
2024-01-29,0.005687475267819181,0.016125474564543264
2024-01-30,0.0,0.0
2024-01-31,0.0,0.0
2024-02-01,0.0,0.0
2024-02-02,0.0,0.0
2024-02-05,0.004966864562484241,0.015904078057580432
2024-02-06,0.0,0.0
2024-02-07,0.0,0.0
2024-02-08,0.0,0.0
2024-02-09,0.0,0.0
2024-02-12,0.005847874720654539,0.05827301472041618
2024-02-13,0.0,0.0
2024-02-14,0.0,0.0
2024-02-15,0.0,0.0
2024-02-16,0.0,0.0
2024-02-20,0.00579694484832035,0.01948823986057044
2024-02-21,0.0,0.0
2024-02-22,0.0,0.0
2024-02-23,0.0,0.0
2024-02-26,0.0018281699824168052,0.012207343758753058
2024-02-27,0.0,0.0
2024-02-28,0.0,0.0
2024-02-29,0.0,0.0
2024-03-01,0.0,0.0
2024-03-04,0.005300639255450788,0.01620259292136572
2024-03-05,0.0,0.0
2024-03-06,0.0,0.0
2024-03-07,0.0,0.0
2024-03-08,0.0,0.0
2024-03-11,0.006139411991912681,0.038075457043200436
2024-03-12,0.0,0.0
2024-03-13,0.0,0.0
2024-03-14,0.0,0.0
2024-03-15,0.0,0.0
2024-03-18,0.005638288280079132,0.023138605483006298
2024-03-19,0.0,0.0
2024-03-20,0.0,0.0
2024-03-21,0.0,0.0
2024-03-22,0.0,0.0
2024-03-25,0.003390300244486201,0.03195433604785011
2024-03-26,0.0,0.0
2024-03-27,0.0,0.0
2024-03-28,0.0,0.0
2024-04-01,0.003971816268252187,0.0303769386208333
2024-04-02,0.0,0.0
2024-04-03,0.0,0.0
2024-04-04,0.0,0.0
2024-04-05,0.0,0.0
2024-04-08,0.007031260055605691,0.01220507734606895
2024-04-09,0.0,0.0
2024-04-10,0.0,0.0
2024-04-11,0.0,0.0
2024-04-12,0.0,0.0
2024-04-15,0.004380467157213533,0.02825707864558706
2024-04-16,0.0,0.0
2024-04-17,0.0,0.0
2024-04-18,0.0,0.0
2024-04-19,0.0,0.0
2024-04-22,0.01005867270114831,0.03909882313501893
2024-04-23,0.0,0.0
2024-04-24,0.0,0.0
2024-04-25,0.0,0.0
2024-04-26,0.0,0.0
2024-04-29,0.004553244308648896,0.02034546875387946
2024-04-30,0.0,0.0
2024-05-01,0.0,0.0
2024-05-02,0.0,0.0
2024-05-03,0.0,0.0
2024-05-06,0.005757151378753343,0.0183891501828153
2024-05-07,0.0,0.0
2024-05-08,0.0,0.0
2024-05-09,0.0,0.0
2024-05-10,0.0,0.0
2024-05-13,0.004084833724402312,0.03889973195277312
2024-05-14,0.0,0.0
2024-05-15,0.0,0.0
2024-05-16,0.0,0.0
2024-05-17,0.0,0.0
2024-05-20,0.003802066013129428,0.022620763532337218
2024-05-21,0.0,0.0
2024-05-22,0.0,0.0
2024-05-23,0.0,0.0
2024-05-24,0.0,0.0
2024-05-28,0.004466173813549912,0.014174470246971639
2024-05-29,0.0,0.0
2024-05-30,0.0,0.0
2024-05-31,0.0,0.0
2024-06-03,0.0043710572676660606,0.020705503413563333
2024-06-04,0.0,0.0
2024-06-05,0.0,0.0
2024-06-06,0.0,0.0
2024-06-07,0.0,0.0
2024-06-10,0.00900079011390311,0.05994249139627857
2024-06-11,0.0,0.0
2024-06-12,0.0,0.0
2024-06-13,0.0,0.0
2024-06-14,0.0,0.0
2024-06-17,0.007149709504439064,0.03890984885473874
2024-06-18,0.0,0.0
2024-06-20,0.0,0.0
2024-06-21,0.0,0.0
2024-06-24,0.0036866954423103726,0.020435924520821734
2024-06-25,0.0,0.0
2024-06-26,0.0,0.0
2024-06-27,0.0,0.0
2024-06-28,0.0,0.0
2024-07-01,0.0033499091158504107,0.007895893705106204
2024-07-02,0.0,0.0
2024-07-03,0.0,0.0
2024-07-05,0.0,0.0
2024-07-08,0.006611918303289527,0.03343604481744865
2024-07-09,0.0,0.0
2024-07-10,0.0,0.0
2024-07-11,0.0,0.0
2024-07-12,0.0,0.0
2024-07-15,0.005536389849523961,0.017780065481970024
2024-07-16,0.0,0.0
2024-07-17,0.0,0.0
2024-07-18,0.0,0.0
2024-07-19,0.0,0.0
2024-07-22,0.00816194003405378,0.05520291285315743
2024-07-23,0.0,0.0
2024-07-24,0.0,0.0
2024-07-25,0.0,0.0
2024-07-26,0.0,0.0
2024-07-29,0.006391295652749894,0.02351646412672265
2024-07-30,0.0,0.0
2024-07-31,0.0,0.0
2024-08-01,0.0,0.0
2024-08-02,0.0,0.0
2024-08-05,0.012292635768724303,0.030736386053919047
2024-08-06,0.0,0.0
2024-08-07,0.0,0.0
2024-08-08,0.0,0.0
2024-08-09,0.0,0.0
2024-08-12,0.004345330854496551,0.014845044196897495
2024-08-13,0.0,0.0
2024-08-14,0.0,0.0
2024-08-15,0.0,0.0
2024-08-16,0.0,0.0
2024-08-19,0.007733625658267608,0.021347172937707805
2024-08-20,0.0,0.0
2024-08-21,0.0,0.0
2024-08-22,0.0,0.0
2024-08-23,0.0,0.0
2024-08-26,0.002561022233590865,0.021054578618693594
2024-08-27,0.0,0.0
2024-08-28,0.0,0.0
2024-08-29,0.0,0.0
2024-08-30,0.0,0.0
2024-09-03,0.004393544689122723,0.03228602780918664
2024-09-04,0.0,0.0
2024-09-05,0.0,0.0
2024-09-06,0.0,0.0
2024-09-09,0.010197852707862907,0.028646261072440834
2024-09-10,0.0,0.0
2024-09-11,0.0,0.0
2024-09-12,0.0,0.0
2024-09-13,0.0,0.0
2024-09-16,0.009931671901831494,0.036158533970033636
2024-09-17,0.0,0.0
2024-09-18,0.0,0.0
2024-09-19,0.0,0.0
2024-09-20,0.0,0.0
2024-09-23,0.005566500273890572,0.051830881591235625
2024-09-24,0.0,0.0
2024-09-25,0.0,0.0
2024-09-26,0.0,0.0
2024-09-27,0.0,0.0
2024-09-30,0.0062223168598442916,0.027531740119837535
2024-10-01,0.0,0.0
2024-10-02,0.0,0.0
2024-10-03,0.0,0.0
2024-10-04,0.0,0.0
2024-10-07,0.00875596711661008,0.018174274699020023
2024-10-08,0.0,0.0
2024-10-09,0.0,0.0
2024-10-10,0.0,0.0
2024-10-11,0.0,0.0
2024-10-14,0.006445331037474425,0.04642337058759986
2024-10-15,0.0,0.0
2024-10-16,0.0,0.0
2024-10-17,0.0,0.0
2024-10-18,0.0,0.0
2024-10-21,0.006434531874169612,0.029372043734474974
2024-10-22,0.0,0.0
2024-10-23,0.0,0.0
2024-10-24,0.0,0.0
2024-10-25,0.0,0.0
2024-10-28,0.0057232386314861675,0.03411769606714771
2024-10-29,0.0,0.0
2024-10-30,0.0,0.0
2024-10-31,0.0,0.0
2024-11-01,0.0,0.0
2024-11-04,0.004154370712442734,0.028605891791330045
2024-11-05,0.0,0.0
2024-11-06,0.0,0.0
2024-11-07,0.0,0.0
2024-11-08,0.0,0.0
2024-11-11,0.011784215355951581,0.03152167707266095
2024-11-12,0.0,0.0
2024-11-13,0.0,0.0
2024-11-14,0.0,0.0
2024-11-15,0.0,0.0
2024-11-18,0.009484441847692558,0.06637564344150321
2024-11-19,0.0,0.0
2024-11-20,0.0,0.0
2024-11-21,0.0,0.0
2024-11-22,0.0,0.0
2024-11-25,0.0018479261162893737,0.03605780982408351
2024-11-26,0.0,0.0
2024-11-27,0.0,0.0
2024-11-29,0.0,0.0
2024-12-02,0.004382448095743237,0.031111152565741793
2024-12-03,0.0,0.0
2024-12-04,0.0,0.0
2024-12-05,0.0,0.0
2024-12-06,0.0,0.0
2024-12-09,0.011815756929696698,0.026768285333513685
2024-12-10,0.0,0.0
2024-12-11,0.0,0.0
2024-12-12,0.0,0.0
2024-12-13,0.0,0.0
2024-12-16,0.005144307460777334,0.010357793836288123
2024-12-17,0.0,0.0
2024-12-18,0.0,0.0
2024-12-19,0.0,0.0
2024-12-20,0.0,0.0
2024-12-23,0.004920738262331928,0.04976925533275032
2024-12-24,0.0,0.0
2024-12-26,0.0,0.0
2024-12-27,0.0,0.0
2024-12-30,0.00224050630680573,0.01365692029742202
2024-12-31,0.001809185165547067,0.012410820075588296
