,EqualWeight_weekly,Markowitz_CVXPY_weekly,HMM_MPC_SHY_weekly
2013-04-11,0.0,0.0,0.0
2013-04-12,0.0,0.0,0.0
2013-04-15,0.003797954863898313,0.6330637974287708,0.35000012734377306
2013-04-16,0.0,0.0,0.0
2013-04-17,0.0,0.0,0.0
2013-04-18,0.0,0.0,0.0
2013-04-19,0.0,0.0,0.0
2013-04-22,0.007910304506021676,0.04361390508582327,0.1415403076720208
2013-04-23,0.0,0.0,0.0
2013-04-24,0.0,0.0,0.0
2013-04-25,0.0,0.0,0.0
2013-04-26,0.0,0.0,0.0
2013-04-29,0.006026734915737686,0.055365766568186134,1.973921439940994e-07
2013-04-30,0.0,0.0,0.0
2013-05-01,0.0,0.0,0.0
2013-05-02,0.0,0.0,0.0
2013-05-03,0.0,0.0,0.0
2013-05-06,0.005595825642131888,0.02155558167459258,5.6794042107625924e-08
2013-05-07,0.0,0.0,0.0
2013-05-08,0.0,0.0,0.0
2013-05-09,0.0,0.0,0.0
2013-05-10,0.0,0.0,0.0
2013-05-13,0.00549987942696311,0.03654441863751411,1.7755303575188638e-08
2013-05-14,0.0,0.0,0.0
2013-05-15,0.0,0.0,0.0
2013-05-16,0.0,0.0,0.0
2013-05-17,0.0,0.0,0.0
2013-05-20,0.0029486696774361776,0.03739102050532056,0.02168558561426204
2013-05-21,0.0,0.0,0.0
2013-05-22,0.0,0.0,0.0
2013-05-23,0.0,0.0,0.0
2013-05-24,0.0,0.0,0.0
2013-05-28,0.0037159588424581502,0.031282293084982885,0.047088309576803336
2013-05-29,0.0,0.0,0.0
2013-05-30,0.0,0.0,0.0
2013-05-31,0.0,0.0,0.0
2013-06-03,0.005593957253095416,0.007994991775994248,0.02562979707761932
2013-06-04,0.0,0.0,0.0
2013-06-05,0.0,0.0,0.0
2013-06-06,0.0,0.0,0.0
2013-06-07,0.0,0.0,0.0
2013-06-10,0.0021092799902265036,0.010836994883871416,3.309037502283128e-11
2013-06-11,0.0,0.0,0.0
2013-06-12,0.0,0.0,0.0
2013-06-13,0.0,0.0,0.0
2013-06-14,0.0,0.0,0.0
2013-06-17,0.0034517412048406387,0.007700758870137763,1.4304276667592264e-06
2013-06-18,0.0,0.0,0.0
2013-06-19,0.0,0.0,0.0
2013-06-20,0.0,0.0,0.0
2013-06-21,0.0,0.0,0.0
2013-06-24,0.0023939078401947825,0.005255616915249672,0.019972383058138025
2013-06-25,0.0,0.0,0.0
2013-06-26,0.0,0.0,0.0
2013-06-27,0.0,0.0,0.0
2013-06-28,0.0,0.0,0.0
2013-07-01,0.004560992975436627,0.08642046709161483,0.029420648291419778
2013-07-02,0.0,0.0,0.0
2013-07-03,0.0,0.0,0.0
2013-07-05,0.0,0.0,0.0
2013-07-08,0.004511980155882507,0.0573228249912327,0.0010223207901748285
2013-07-09,0.0,0.0,0.0
2013-07-10,0.0,0.0,0.0
2013-07-11,0.0,0.0,0.0
2013-07-12,0.0,0.0,0.0
2013-07-15,0.003964782267727916,0.029666964710996942,0.0878192184118578
2013-07-16,0.0,0.0,0.0
2013-07-17,0.0,0.0,0.0
2013-07-18,0.0,0.0,0.0
2013-07-19,0.0,0.0,0.0
2013-07-22,0.004666205705844771,0.037810611822984376,0.015606124695229331
2013-07-23,0.0,0.0,0.0
2013-07-24,0.0,0.0,0.0
2013-07-25,0.0,0.0,0.0
2013-07-26,0.0,0.0,0.0
2013-07-29,0.002548598698463571,0.15912106818202354,0.014970291152008472
2013-07-30,0.0,0.0,0.0
2013-07-31,0.0,0.0,0.0
2013-08-01,0.0,0.0,0.0
2013-08-02,0.0,0.0,0.0
2013-08-05,0.0032036506523143993,0.045924874031794155,0.004551957633649954
2013-08-06,0.0,0.0,0.0
2013-08-07,0.0,0.0,0.0
2013-08-08,0.0,0.0,0.0
2013-08-09,0.0,0.0,0.0
2013-08-12,0.0026338331586363978,0.08113823222486805,2.3581718180695658e-09
2013-08-13,0.0,0.0,0.0
2013-08-14,0.0,0.0,0.0
2013-08-15,0.0,0.0,0.0
2013-08-16,0.0,0.0,0.0
2013-08-19,0.005459491306774519,0.049077604305519267,0.08299163031793008
2013-08-20,0.0,0.0,0.0
2013-08-21,0.0,0.0,0.0
2013-08-22,0.0,0.0,0.0
2013-08-23,0.0,0.0,0.0
2013-08-26,0.001689242715645696,0.042589525933139846,0.04376317381584715
2013-08-27,0.0,0.0,0.0
2013-08-28,0.0,0.0,0.0
2013-08-29,0.0,0.0,0.0
2013-08-30,0.0,0.0,0.0
2013-09-03,0.003768009988387104,0.04701921158213831,9.150999738632808e-10
2013-09-04,0.0,0.0,0.0
2013-09-05,0.0,0.0,0.0
2013-09-06,0.0,0.0,0.0
2013-09-09,0.0037166376765825557,0.07023672650552532,0.0004076699950083504
2013-09-10,0.0,0.0,0.0
2013-09-11,0.0,0.0,0.0
2013-09-12,0.0,0.0,0.0
2013-09-13,0.0,0.0,0.0
2013-09-16,0.003734957481455907,0.05691100334579601,5.6882579485171024e-11
2013-09-17,0.0,0.0,0.0
2013-09-18,0.0,0.0,0.0
2013-09-19,0.0,0.0,0.0
2013-09-20,0.0,0.0,0.0
2013-09-23,0.002241832311447728,0.011822542382080095,0.06955878350712935
2013-09-24,0.0,0.0,0.0
2013-09-25,0.0,0.0,0.0
2013-09-26,0.0,0.0,0.0
2013-09-27,0.0,0.0,0.0
2013-09-30,0.0030234307381765343,0.03129967565999833,1.0614566333135306e-12
2013-10-01,0.0,0.0,0.0
2013-10-02,0.0,0.0,0.0
2013-10-03,0.0,0.0,0.0
2013-10-04,0.0,0.0,0.0
2013-10-07,0.0026229531470522427,0.07069269424152705,0.036405811830826175
2013-10-08,0.0,0.0,0.0
2013-10-09,0.0,0.0,0.0
2013-10-10,0.0,0.0,0.0
2013-10-11,0.0,0.0,0.0
2013-10-14,0.003711886903545812,0.07179165611263624,0.018255148191944827
2013-10-15,0.0,0.0,0.0
2013-10-16,0.0,0.0,0.0
2013-10-17,0.0,0.0,0.0
2013-10-18,0.0,0.0,0.0
2013-10-21,0.0033263922143152366,0.014634054217251773,1.6598102243061085e-09
2013-10-22,0.0,0.0,0.0
2013-10-23,0.0,0.0,0.0
2013-10-24,0.0,0.0,0.0
2013-10-25,0.0,0.0,0.0
2013-10-28,0.004238844682877399,0.0092291335534515,4.820763914800461e-10
2013-10-29,0.0,0.0,0.0
2013-10-30,0.0,0.0,0.0
2013-10-31,0.0,0.0,0.0
2013-11-01,0.0,0.0,0.0
2013-11-04,0.003314070140436935,0.0208743560198171,2.2870212899715287e-10
2013-11-05,0.0,0.0,0.0
2013-11-06,0.0,0.0,0.0
2013-11-07,0.0,0.0,0.0
2013-11-08,0.0,0.0,0.0
2013-11-11,0.0023430292288424484,0.05186067595099208,7.853038446885154e-11
2013-11-12,0.0,0.0,0.0
2013-11-13,0.0,0.0,0.0
2013-11-14,0.0,0.0,0.0
2013-11-15,0.0,0.0,0.0
2013-11-18,0.00231482786534197,0.02213121768086768,2.6786521313383863e-11
2013-11-19,0.0,0.0,0.0
2013-11-20,0.0,0.0,0.0
2013-11-21,0.0,0.0,0.0
2013-11-22,0.0,0.0,0.0
2013-11-25,0.0040942974734196474,0.047884966399992124,4.0877047553408e-07
2013-11-26,0.0,0.0,0.0
2013-11-27,0.0,0.0,0.0
2013-11-29,0.0,0.0,0.0
2013-12-02,0.004069576259065823,0.014988821422788234,0.05475000477660405
2013-12-03,0.0,0.0,0.0
2013-12-04,0.0,0.0,0.0
2013-12-05,0.0,0.0,0.0
2013-12-06,0.0,0.0,0.0
2013-12-09,0.0016119255260260354,0.004159834846890309,0.012146925925324096
2013-12-10,0.0,0.0,0.0
2013-12-11,0.0,0.0,0.0
2013-12-12,0.0,0.0,0.0
2013-12-13,0.0,0.0,0.0
2013-12-16,0.0031061526345015147,0.019982076211607802,0.05179719427814363
2013-12-17,0.0,0.0,0.0
2013-12-18,0.0,0.0,0.0
2013-12-19,0.0,0.0,0.0
2013-12-20,0.0,0.0,0.0
2013-12-23,0.003254430758683438,0.019632038757750228,1.7260815945171854e-10
2013-12-24,0.0,0.0,0.0
2013-12-26,0.0,0.0,0.0
2013-12-27,0.0,0.0,0.0
2013-12-30,0.003191944328636946,0.002980261189128211,7.021501394815704e-11
2013-12-31,0.0,0.0,0.0
2014-01-02,0.0,0.0,0.0
2014-01-03,0.0,0.0,0.0
2014-01-06,0.0027691944467913496,0.01543215094725253,2.921048636807227e-11
2014-01-07,0.0,0.0,0.0
2014-01-08,0.0,0.0,0.0
2014-01-09,0.0,0.0,0.0
2014-01-10,0.0,0.0,0.0
2014-01-13,0.0039004101259903987,0.008421765910814729,1.2437746865708217e-11
2014-01-14,0.0,0.0,0.0
2014-01-15,0.0,0.0,0.0
2014-01-16,0.0,0.0,0.0
2014-01-17,0.0,0.0,0.0
2014-01-21,0.0033491364361373094,0.0018250954359651517,1.0970285269602185e-07
2014-01-22,0.0,0.0,0.0
2014-01-23,0.0,0.0,0.0
2014-01-24,0.0,0.0,0.0
2014-01-27,0.005983562356488142,0.0051709783785036795,0.019097492108622154
2014-01-28,0.0,0.0,0.0
2014-01-29,0.0,0.0,0.0
2014-01-30,0.0,0.0,0.0
2014-01-31,0.0,0.0,0.0
2014-02-03,0.004735287847850392,0.0032873600943624792,0.009467601686556464
2014-02-04,0.0,0.0,0.0
2014-02-05,0.0,0.0,0.0
2014-02-06,0.0,0.0,0.0
2014-02-07,0.0,0.0,0.0
2014-02-10,0.002468979750922508,0.001378174827295478,0.004255538864014387
2014-02-11,0.0,0.0,0.0
2014-02-12,0.0,0.0,0.0
2014-02-13,0.0,0.0,0.0
2014-02-14,0.0,0.0,0.0
2014-02-18,0.0038678191969305636,0.007022265135277497,2.7309520967895526e-07
2014-02-19,0.0,0.0,0.0
2014-02-20,0.0,0.0,0.0
2014-02-21,0.0,0.0,0.0
2014-02-24,0.0019899650356121623,0.03409292149885676,0.06013228025974987
2014-02-25,0.0,0.0,0.0
2014-02-26,0.0,0.0,0.0
2014-02-27,0.0,0.0,0.0
2014-02-28,0.0,0.0,0.0
2014-03-03,0.0029638459999817846,0.03399404222775104,0.017217268347437913
2014-03-04,0.0,0.0,0.0
2014-03-05,0.0,0.0,0.0
2014-03-06,0.0,0.0,0.0
2014-03-07,0.0,0.0,0.0
2014-03-10,0.0042609497257910245,0.0012528935333813301,2.1611715640753516e-05
2014-03-11,0.0,0.0,0.0
2014-03-12,0.0,0.0,0.0
2014-03-13,0.0,0.0,0.0
2014-03-14,0.0,0.0,0.0
2014-03-17,0.006247815222645482,0.00408788393201831,4.65029508721549e-09
2014-03-18,0.0,0.0,0.0
2014-03-19,0.0,0.0,0.0
2014-03-20,0.0,0.0,0.0
2014-03-21,0.0,0.0,0.0
2014-03-24,0.004545243134397796,0.018607402138540077,2.6485631661510063e-05
2014-03-25,0.0,0.0,0.0
2014-03-26,0.0,0.0,0.0
2014-03-27,0.0,0.0,0.0
2014-03-28,0.0,0.0,0.0
2014-03-31,0.005239750516978732,0.023839815923937226,4.5542980926452076e-11
2014-04-01,0.0,0.0,0.0
2014-04-02,0.0,0.0,0.0
2014-04-03,0.0,0.0,0.0
2014-04-04,0.0,0.0,0.0
2014-04-07,0.0024574830519388385,0.0055238160546393356,1.0885385074550162e-11
2014-04-08,0.0,0.0,0.0
2014-04-09,0.0,0.0,0.0
2014-04-10,0.0,0.0,0.0
2014-04-11,0.0,0.0,0.0
2014-04-14,0.007102219345969628,0.09174869603851803,0.03675188690190533
2014-04-15,0.0,0.0,0.0
2014-04-16,0.0,0.0,0.0
2014-04-17,0.0,0.0,0.0
2014-04-21,0.004437873077240091,0.03581358155722326,6.993172454515866e-08
2014-04-22,0.0,0.0,0.0
2014-04-23,0.0,0.0,0.0
2014-04-24,0.0,0.0,0.0
2014-04-25,0.0,0.0,0.0
2014-04-28,0.00320319023819092,0.017780182550687362,2.7879147167956034e-08
2014-04-29,0.0,0.0,0.0
2014-04-30,0.0,0.0,0.0
2014-05-01,0.0,0.0,0.0
2014-05-02,0.0,0.0,0.0
2014-05-05,0.002580154598700271,0.0687284522762105,1.1762275682759847e-08
2014-05-06,0.0,0.0,0.0
2014-05-07,0.0,0.0,0.0
2014-05-08,0.0,0.0,0.0
2014-05-09,0.0,0.0,0.0
2014-05-12,0.0016838731271347218,0.05439962802657333,4.930307981955352e-09
2014-05-13,0.0,0.0,0.0
2014-05-14,0.0,0.0,0.0
2014-05-15,0.0,0.0,0.0
2014-05-16,0.0,0.0,0.0
2014-05-19,0.0020604052437583967,0.03383898787646252,2.0705677881622455e-09
2014-05-20,0.0,0.0,0.0
2014-05-21,0.0,0.0,0.0
2014-05-22,0.0,0.0,0.0
2014-05-23,0.0,0.0,0.0
2014-05-27,0.003648432252060428,0.04593236824519295,7.581395372670691e-10
2014-05-28,0.0,0.0,0.0
2014-05-29,0.0,0.0,0.0
2014-05-30,0.0,0.0,0.0
2014-06-02,0.001889377204811457,0.02078625308242759,5.7957615593807e-10
2014-06-03,0.0,0.0,0.0
2014-06-04,0.0,0.0,0.0
2014-06-05,0.0,0.0,0.0
2014-06-06,0.0,0.0,0.0
2014-06-09,0.0032791307393867652,0.011611419466759993,8.274392635697583e-06
2014-06-10,0.0,0.0,0.0
2014-06-11,0.0,0.0,0.0
2014-06-12,0.0,0.0,0.0
2014-06-13,0.0,0.0,0.0
2014-06-16,0.0035390502729369597,0.016250633579592763,1.516386735272932e-14
2014-06-17,0.0,0.0,0.0
2014-06-18,0.0,0.0,0.0
2014-06-19,0.0,0.0,0.0
2014-06-20,0.0,0.0,0.0
2014-06-23,0.0038290392019074415,0.048131384174475975,0.000981255436460402
2014-06-24,0.0,0.0,0.0
2014-06-25,0.0,0.0,0.0
2014-06-26,0.0,0.0,0.0
2014-06-27,0.0,0.0,0.0
2014-06-30,0.0037855318437130664,0.018417121698702903,0.0024467355150700593
2014-07-01,0.0,0.0,0.0
2014-07-02,0.0,0.0,0.0
2014-07-03,0.0,0.0,0.0
2014-07-07,0.005001262995713865,0.06457928106527291,0.004270840477900894
2014-07-08,0.0,0.0,0.0
2014-07-09,0.0,0.0,0.0
2014-07-10,0.0,0.0,0.0
2014-07-11,0.0,0.0,0.0
2014-07-14,0.003874742555555831,0.02348526167789493,5.271904901030162e-05
2014-07-15,0.0,0.0,0.0
2014-07-16,0.0,0.0,0.0
2014-07-17,0.0,0.0,0.0
2014-07-18,0.0,0.0,0.0
2014-07-21,0.0022367871199760053,0.0055836673337104105,1.214306433183765e-16
2014-07-22,0.0,0.0,0.0
2014-07-23,0.0,0.0,0.0
2014-07-24,0.0,0.0,0.0
2014-07-25,0.0,0.0,0.0
2014-07-28,0.0030720678649255803,0.030106914072719624,0.009144299761136615
2014-07-29,0.0,0.0,0.0
2014-07-30,0.0,0.0,0.0
2014-07-31,0.0,0.0,0.0
2014-08-01,0.0,0.0,0.0
2014-08-04,0.0044164167561456455,0.01563888529993855,0.012363209718727302
2014-08-05,0.0,0.0,0.0
2014-08-06,0.0,0.0,0.0
2014-08-07,0.0,0.0,0.0
2014-08-08,0.0,0.0,0.0
2014-08-11,0.002668547909912701,0.04073669504290256,2.1588673507666645e-16
2014-08-12,0.0,0.0,0.0
2014-08-13,0.0,0.0,0.0
2014-08-14,0.0,0.0,0.0
2014-08-15,0.0,0.0,0.0
2014-08-18,0.0025898594883199053,0.08543403080931652,2.4868635986261647e-05
2014-08-19,0.0,0.0,0.0
2014-08-20,0.0,0.0,0.0
2014-08-21,0.0,0.0,0.0
2014-08-22,0.0,0.0,0.0
2014-08-25,0.0036952727617125328,0.1251637209213015,0.04316692240113555
2014-08-26,0.0,0.0,0.0
2014-08-27,0.0,0.0,0.0
2014-08-28,0.0,0.0,0.0
2014-08-29,0.0,0.0,0.0
2014-09-02,0.002909260826134963,0.0539945743050209,0.025551865530882466
2014-09-03,0.0,0.0,0.0
2014-09-04,0.0,0.0,0.0
2014-09-05,0.0,0.0,0.0
2014-09-08,0.002429951417213444,0.013503483105803725,0.002717989666390634
2014-09-09,0.0,0.0,0.0
2014-09-10,0.0,0.0,0.0
2014-09-11,0.0,0.0,0.0
2014-09-12,0.0,0.0,0.0
2014-09-15,0.004797687546072696,0.06494768140769064,0.016531127894263874
2014-09-16,0.0,0.0,0.0
2014-09-17,0.0,0.0,0.0
2014-09-18,0.0,0.0,0.0
2014-09-19,0.0,0.0,0.0
2014-09-22,0.0026569661407166156,0.062294639817259,0.003365894724539303
2014-09-23,0.0,0.0,0.0
2014-09-24,0.0,0.0,0.0
2014-09-25,0.0,0.0,0.0
2014-09-26,0.0,0.0,0.0
2014-09-29,0.003274325207829991,0.059919351194832,0.0007438917569983835
2014-09-30,0.0,0.0,0.0
2014-10-01,0.0,0.0,0.0
2014-10-02,0.0,0.0,0.0
2014-10-03,0.0,0.0,0.0
2014-10-06,0.006758058034150839,0.028883179398773176,0.01952822320981593
2014-10-07,0.0,0.0,0.0
2014-10-08,0.0,0.0,0.0
2014-10-09,0.0,0.0,0.0
2014-10-10,0.0,0.0,0.0
2014-10-13,0.009791731800663707,0.09330440253448814,0.023145526699106522
2014-10-14,0.0,0.0,0.0
2014-10-15,0.0,0.0,0.0
2014-10-16,0.0,0.0,0.0
2014-10-17,0.0,0.0,0.0
2014-10-20,0.005661792286788196,0.10376425665163404,0.0032553330815892415
2014-10-21,0.0,0.0,0.0
2014-10-22,0.0,0.0,0.0
2014-10-23,0.0,0.0,0.0
2014-10-24,0.0,0.0,0.0
2014-10-27,0.0044235436421245986,0.02653233692856735,0.001091475413132577
2014-10-28,0.0,0.0,0.0
2014-10-29,0.0,0.0,0.0
2014-10-30,0.0,0.0,0.0
2014-10-31,0.0,0.0,0.0
2014-11-03,0.004412580542789667,0.03610485040127698,0.0052750447096841496
2014-11-04,0.0,0.0,0.0
2014-11-05,0.0,0.0,0.0
2014-11-06,0.0,0.0,0.0
2014-11-07,0.0,0.0,0.0
2014-11-10,0.003614004278730723,0.10777881612327718,0.012378631536401823
2014-11-11,0.0,0.0,0.0
2014-11-12,0.0,0.0,0.0
2014-11-13,0.0,0.0,0.0
2014-11-14,0.0,0.0,0.0
2014-11-17,0.005352149686081588,0.05958985339691676,0.020249061420984406
2014-11-18,0.0,0.0,0.0
2014-11-19,0.0,0.0,0.0
2014-11-20,0.0,0.0,0.0
2014-11-21,0.0,0.0,0.0
2014-11-24,0.003474594001993264,0.09025578369538304,0.022497091648703234
2014-11-25,0.0,0.0,0.0
2014-11-26,0.0,0.0,0.0
2014-11-28,0.0,0.0,0.0
2014-12-01,0.012199930729357503,0.08515068946039665,0.02861849600008399
2014-12-02,0.0,0.0,0.0
2014-12-03,0.0,0.0,0.0
2014-12-04,0.0,0.0,0.0
2014-12-05,0.0,0.0,0.0
2014-12-08,0.004257493597877103,0.08622239097887194,0.021627587721926113
2014-12-09,0.0,0.0,0.0
2014-12-10,0.0,0.0,0.0
2014-12-11,0.0,0.0,0.0
2014-12-12,0.0,0.0,0.0
2014-12-15,0.009486010671056602,0.07586249670353545,0.1070805746698781
2014-12-16,0.0,0.0,0.0
2014-12-17,0.0,0.0,0.0
2014-12-18,0.0,0.0,0.0
2014-12-19,0.0,0.0,0.0
2014-12-22,0.00804823083224307,0.050724536073868245,5.01238906538468e-05
2014-12-23,0.0,0.0,0.0
2014-12-24,0.0,0.0,0.0
2014-12-26,0.0,0.0,0.0
2014-12-29,0.005547763436481494,0.07756263272911978,4.101156614930047e-05
2014-12-30,0.0,0.0,0.0
2014-12-31,0.0,0.0,0.0
2015-01-02,0.0,0.0,0.0
2015-01-05,0.00352751811390202,0.10550200066394043,1.2450479575088294e-05
2015-01-06,0.0,0.0,0.0
2015-01-07,0.0,0.0,0.0
2015-01-08,0.0,0.0,0.0
2015-01-09,0.0,0.0,0.0
2015-01-12,0.007031617584377377,0.15310013264140587,3.116087542539404e-05
2015-01-13,0.0,0.0,0.0
2015-01-14,0.0,0.0,0.0
2015-01-15,0.0,0.0,0.0
2015-01-16,0.0,0.0,0.0
2015-01-20,0.006208324562489709,0.06679474672648403,1.0474068696289698e-05
2015-01-21,0.0,0.0,0.0
2015-01-22,0.0,0.0,0.0
2015-01-23,0.0,0.0,0.0
2015-01-26,0.0032957201594031454,0.03576572335192566,4.0315761299196844e-06
2015-01-27,0.0,0.0,0.0
2015-01-28,0.0,0.0,0.0
2015-01-29,0.0,0.0,0.0
2015-01-30,0.0,0.0,0.0
2015-02-02,0.004931654150261429,0.05965053784934783,1.5278646165234115e-06
2015-02-03,0.0,0.0,0.0
2015-02-04,0.0,0.0,0.0
2015-02-05,0.0,0.0,0.0
2015-02-06,0.0,0.0,0.0
2015-02-09,0.010577304591183882,0.09111959009241681,0.0398316164115913
2015-02-10,0.0,0.0,0.0
2015-02-11,0.0,0.0,0.0
2015-02-12,0.0,0.0,0.0
2015-02-13,0.0,0.0,0.0
2015-02-17,0.006676410559557068,0.055687226973990894,0.06751379658975294
2015-02-18,0.0,0.0,0.0
2015-02-19,0.0,0.0,0.0
2015-02-20,0.0,0.0,0.0
2015-02-23,0.003984185030844349,0.045981460674199046,0.00548039985914098
2015-02-24,0.0,0.0,0.0
2015-02-25,0.0,0.0,0.0
2015-02-26,0.0,0.0,0.0
2015-02-27,0.0,0.0,0.0
2015-03-02,0.003496422598702323,0.03700885797627989,0.0008478796863405624
2015-03-03,0.0,0.0,0.0
2015-03-04,0.0,0.0,0.0
2015-03-05,0.0,0.0,0.0
2015-03-06,0.0,0.0,0.0
2015-03-09,0.004599028467435762,0.0651143718593059,0.0004152160613264569
2015-03-10,0.0,0.0,0.0
2015-03-11,0.0,0.0,0.0
2015-03-12,0.0,0.0,0.0
2015-03-13,0.0,0.0,0.0
2015-03-16,0.004408622144290469,0.0452901021445769,0.028254646656909473
2015-03-17,0.0,0.0,0.0
2015-03-18,0.0,0.0,0.0
2015-03-19,0.0,0.0,0.0
2015-03-20,0.0,0.0,0.0
2015-03-23,0.00607713092236753,0.05383775859338659,0.007281996673433813
2015-03-24,0.0,0.0,0.0
2015-03-25,0.0,0.0,0.0
2015-03-26,0.0,0.0,0.0
2015-03-27,0.0,0.0,0.0
2015-03-30,0.005096293695990718,0.0682550188829768,0.056125072956893104
2015-03-31,0.0,0.0,0.0
2015-04-01,0.0,0.0,0.0
2015-04-02,0.0,0.0,0.0
2015-04-06,0.0037375573309038693,0.015165363662447175,0.005103080342584019
2015-04-07,0.0,0.0,0.0
2015-04-08,0.0,0.0,0.0
2015-04-09,0.0,0.0,0.0
2015-04-10,0.0,0.0,0.0
2015-04-13,0.004632219062468537,0.011608978873905097,0.003511408905976468
2015-04-14,0.0,0.0,0.0
2015-04-15,0.0,0.0,0.0
2015-04-16,0.0,0.0,0.0
2015-04-17,0.0,0.0,0.0
2015-04-20,0.004557812230818838,0.018225164730140617,0.00042578791329866365
2015-04-21,0.0,0.0,0.0
2015-04-22,0.0,0.0,0.0
2015-04-23,0.0,0.0,0.0
2015-04-24,0.0,0.0,0.0
2015-04-27,0.005292012100358887,0.1048939474482945,0.024298399948121243
2015-04-28,0.0,0.0,0.0
2015-04-29,0.0,0.0,0.0
2015-04-30,0.0,0.0,0.0
2015-05-01,0.0,0.0,0.0
2015-05-04,0.005011347719294873,0.11180817164372824,0.019710638584257582
2015-05-05,0.0,0.0,0.0
2015-05-06,0.0,0.0,0.0
2015-05-07,0.0,0.0,0.0
2015-05-08,0.0,0.0,0.0
2015-05-11,0.00342530445193949,0.035822801709849875,0.0017750952887337747
2015-05-12,0.0,0.0,0.0
2015-05-13,0.0,0.0,0.0
2015-05-14,0.0,0.0,0.0
2015-05-15,0.0,0.0,0.0
2015-05-18,0.003078307154756245,0.016406288762607732,0.01632406213986993
2015-05-19,0.0,0.0,0.0
2015-05-20,0.0,0.0,0.0
2015-05-21,0.0,0.0,0.0
2015-05-22,0.0,0.0,0.0
2015-05-26,0.003067676467686138,0.11311142922688401,0.0762336780153645
2015-05-27,0.0,0.0,0.0
2015-05-28,0.0,0.0,0.0
2015-05-29,0.0,0.0,0.0
2015-06-01,0.0028620106459312025,0.036832768471114705,0.0008734240091701457
2015-06-02,0.0,0.0,0.0
2015-06-03,0.0,0.0,0.0
2015-06-04,0.0,0.0,0.0
2015-06-05,0.0,0.0,0.0
2015-06-08,0.004909799188305523,0.10801508899276431,0.05808955845562144
2015-06-09,0.0,0.0,0.0
2015-06-10,0.0,0.0,0.0
2015-06-11,0.0,0.0,0.0
2015-06-12,0.0,0.0,0.0
2015-06-15,0.0023321923821452636,0.03877621507927382,0.00017060937288581983
2015-06-16,0.0,0.0,0.0
2015-06-17,0.0,0.0,0.0
2015-06-18,0.0,0.0,0.0
2015-06-19,0.0,0.0,0.0
2015-06-22,0.004344666149504031,0.09481698746108175,0.023082641402248447
2015-06-23,0.0,0.0,0.0
2015-06-24,0.0,0.0,0.0
2015-06-25,0.0,0.0,0.0
2015-06-26,0.0,0.0,0.0
2015-06-29,0.003977844850492872,0.020753893235518538,0.024402255377183865
2015-06-30,0.0,0.0,0.0
2015-07-01,0.0,0.0,0.0
2015-07-02,0.0,0.0,0.0
2015-07-06,0.003580855790132606,0.03922149303470192,5.542935648666277e-14
2015-07-07,0.0,0.0,0.0
2015-07-08,0.0,0.0,0.0
2015-07-09,0.0,0.0,0.0
2015-07-10,0.0,0.0,0.0
2015-07-13,0.004599047094900083,0.019908424280992917,9.308731706867056e-12
2015-07-14,0.0,0.0,0.0
2015-07-15,0.0,0.0,0.0
2015-07-16,0.0,0.0,0.0
2015-07-17,0.0,0.0,0.0
2015-07-20,0.006460655631969431,0.0249424582474573,0.048615184662991
2015-07-21,0.0,0.0,0.0
2015-07-22,0.0,0.0,0.0
2015-07-23,0.0,0.0,0.0
2015-07-24,0.0,0.0,0.0
2015-07-27,0.007108179221451592,0.03617778895799348,4.632488942044749e-14
2015-07-28,0.0,0.0,0.0
2015-07-29,0.0,0.0,0.0
2015-07-30,0.0,0.0,0.0
2015-07-31,0.0,0.0,0.0
2015-08-03,0.005109946878834058,0.038374881839415134,4.263885903891227e-11
2015-08-04,0.0,0.0,0.0
2015-08-05,0.0,0.0,0.0
2015-08-06,0.0,0.0,0.0
2015-08-07,0.0,0.0,0.0
2015-08-10,0.004849146341056772,0.03187715595305477,9.134608072342014e-14
2015-08-11,0.0,0.0,0.0
2015-08-12,0.0,0.0,0.0
2015-08-13,0.0,0.0,0.0
2015-08-14,0.0,0.0,0.0
2015-08-17,0.004615942652992373,0.020331711082286777,8.875770258897145e-09
2015-08-18,0.0,0.0,0.0
2015-08-19,0.0,0.0,0.0
2015-08-20,0.0,0.0,0.0
2015-08-21,0.0,0.0,0.0
2015-08-24,0.009162044157890459,0.10772688440445455,0.03498487909760979
2015-08-25,0.0,0.0,0.0
2015-08-26,0.0,0.0,0.0
2015-08-27,0.0,0.0,0.0
2015-08-28,0.0,0.0,0.0
2015-08-31,0.006796459877127493,0.03991289126809973,3.407708881398718e-11
2015-09-01,0.0,0.0,0.0
2015-09-02,0.0,0.0,0.0
2015-09-03,0.0,0.0,0.0
2015-09-04,0.0,0.0,0.0
2015-09-08,0.005198616465852818,0.008850956262072926,9.25187445706497e-12
2015-09-09,0.0,0.0,0.0
2015-09-10,0.0,0.0,0.0
2015-09-11,0.0,0.0,0.0
2015-09-14,0.004391511455520566,0.0062242677673847585,2.5834640552620823e-12
2015-09-15,0.0,0.0,0.0
2015-09-16,0.0,0.0,0.0
2015-09-17,0.0,0.0,0.0
2015-09-18,0.0,0.0,0.0
2015-09-21,0.004600801648053196,0.03564353103504743,7.142498751423124e-13
2015-09-22,0.0,0.0,0.0
2015-09-23,0.0,0.0,0.0
2015-09-24,0.0,0.0,0.0
2015-09-25,0.0,0.0,0.0
2015-09-28,0.00822569459506134,0.07698097415384846,2.0003292045923752e-13
2015-09-29,0.0,0.0,0.0
2015-09-30,0.0,0.0,0.0
2015-10-01,0.0,0.0,0.0
2015-10-02,0.0,0.0,0.0
2015-10-05,0.003927462916154464,0.03459901823182048,0.06936859796801773
2015-10-06,0.0,0.0,0.0
2015-10-07,0.0,0.0,0.0
2015-10-08,0.0,0.0,0.0
2015-10-09,0.0,0.0,0.0
2015-10-12,0.010441018185383857,0.08629442002635665,0.01993749915818141
2015-10-13,0.0,0.0,0.0
2015-10-14,0.0,0.0,0.0
2015-10-15,0.0,0.0,0.0
2015-10-16,0.0,0.0,0.0
2015-10-19,0.004131733557688998,0.040965265023071365,2.9019928132046832e-05
2015-10-20,0.0,0.0,0.0
2015-10-21,0.0,0.0,0.0
2015-10-22,0.0,0.0,0.0
2015-10-23,0.0,0.0,0.0
2015-10-26,0.008171379087075242,0.08256442419630786,3.037429677344404e-05
2015-10-27,0.0,0.0,0.0
2015-10-28,0.0,0.0,0.0
2015-10-29,0.0,0.0,0.0
2015-10-30,0.0,0.0,0.0
2015-11-02,0.00524914643819796,0.08127325931803547,2.1327528701431397e-09
2015-11-03,0.0,0.0,0.0
2015-11-04,0.0,0.0,0.0
2015-11-05,0.0,0.0,0.0
2015-11-06,0.0,0.0,0.0
2015-11-09,0.0066075927787405606,0.04809658939965632,1.929409337034574e-05
2015-11-10,0.0,0.0,0.0
2015-11-11,0.0,0.0,0.0
2015-11-12,0.0,0.0,0.0
2015-11-13,0.0,0.0,0.0
2015-11-16,0.00738983649397134,0.047038568212870085,3.497632319785017e-05
2015-11-17,0.0,0.0,0.0
2015-11-18,0.0,0.0,0.0
2015-11-19,0.0,0.0,0.0
2015-11-20,0.0,0.0,0.0
2015-11-23,0.004753333126864295,0.03556901582302574,7.897953244834101e-09
2015-11-24,0.0,0.0,0.0
2015-11-25,0.0,0.0,0.0
2015-11-27,0.0,0.0,0.0
2015-11-30,0.003666400989318974,0.06475044345552437,2.685450678372631e-09
2015-12-01,0.0,0.0,0.0
2015-12-02,0.0,0.0,0.0
2015-12-03,0.0,0.0,0.0
2015-12-04,0.0,0.0,0.0
2015-12-07,0.0053240689153876836,0.04125020805215488,1.0235449445342675e-09
2015-12-08,0.0,0.0,0.0
2015-12-09,0.0,0.0,0.0
2015-12-10,0.0,0.0,0.0
2015-12-11,0.0,0.0,0.0
2015-12-14,0.007948659674531316,0.03612144812101885,2.6505291927524835e-05
2015-12-15,0.0,0.0,0.0
2015-12-16,0.0,0.0,0.0
2015-12-17,0.0,0.0,0.0
2015-12-18,0.0,0.0,0.0
2015-12-21,0.005691907387374441,0.07031435506128715,3.469446951953614e-17
2015-12-22,0.0,0.0,0.0
2015-12-23,0.0,0.0,0.0
2015-12-24,0.0,0.0,0.0
2015-12-28,0.00464104591929454,0.053919688638013365,0.028567827735709858
2015-12-29,0.0,0.0,0.0
2015-12-30,0.0,0.0,0.0
2015-12-31,0.0,0.0,0.0
2016-01-04,0.0020523964994280802,0.009163858091186345,4.5030123746471975e-07
2016-01-05,0.0,0.0,0.0
2016-01-06,0.0,0.0,0.0
2016-01-07,0.0,0.0,0.0
2016-01-08,0.0,0.0,0.0
2016-01-11,0.012277009315961145,0.09276487569118863,0.0014280478964872176
2016-01-12,0.0,0.0,0.0
2016-01-13,0.0,0.0,0.0
2016-01-14,0.0,0.0,0.0
2016-01-15,0.0,0.0,0.0
2016-01-19,0.005878714338598913,0.0519113870038296,0.00440097395260876
2016-01-20,0.0,0.0,0.0
2016-01-21,0.0,0.0,0.0
2016-01-22,0.0,0.0,0.0
2016-01-25,0.005103870555981056,0.0355802856412777,0.004056658908157049
2016-01-26,0.0,0.0,0.0
2016-01-27,0.0,0.0,0.0
2016-01-28,0.0,0.0,0.0
2016-01-29,0.0,0.0,0.0
2016-02-01,0.007152420296080965,0.08238035126623632,0.04854538768956653
2016-02-02,0.0,0.0,0.0
2016-02-03,0.0,0.0,0.0
2016-02-04,0.0,0.0,0.0
2016-02-05,0.0,0.0,0.0
2016-02-08,0.013622969810206123,0.0748079098488812,0.06805379581018402
2016-02-09,0.0,0.0,0.0
2016-02-10,0.0,0.0,0.0
2016-02-11,0.0,0.0,0.0
2016-02-12,0.0,0.0,0.0
2016-02-16,0.003968765825041409,0.06019255482897321,0.0015726773695919206
2016-02-17,0.0,0.0,0.0
2016-02-18,0.0,0.0,0.0
2016-02-19,0.0,0.0,0.0
2016-02-22,0.004410279917716371,0.061800689963724155,0.005331345315531658
2016-02-23,0.0,0.0,0.0
2016-02-24,0.0,0.0,0.0
2016-02-25,0.0,0.0,0.0
2016-02-26,0.0,0.0,0.0
2016-02-29,0.004653429567068365,0.0730461207704469,3.6181690180603666e-05
2016-03-01,0.0,0.0,0.0
2016-03-02,0.0,0.0,0.0
2016-03-03,0.0,0.0,0.0
2016-03-04,0.0,0.0,0.0
2016-03-07,0.006526023138849361,0.0630357354406348,1.2556890788875055e-07
2016-03-08,0.0,0.0,0.0
2016-03-09,0.0,0.0,0.0
2016-03-10,0.0,0.0,0.0
2016-03-11,0.0,0.0,0.0
2016-03-14,0.0034524836076796767,0.03517663060535914,1.265619553603159e-12
2016-03-15,0.0,0.0,0.0
2016-03-16,0.0,0.0,0.0
2016-03-17,0.0,0.0,0.0
2016-03-18,0.0,0.0,0.0
2016-03-21,0.005344524650871561,0.07914979376805717,4.7206150375703225e-17
2016-03-22,0.0,0.0,0.0
2016-03-23,0.0,0.0,0.0
2016-03-24,0.0,0.0,0.0
2016-03-28,0.004435324002575021,0.09628869834337142,3.608330565802689e-17
2016-03-29,0.0,0.0,0.0
2016-03-30,0.0,0.0,0.0
2016-03-31,0.0,0.0,0.0
2016-04-01,0.0,0.0,0.0
2016-04-04,0.004172205188717644,0.07607261039028432,2.3715791846111033e-14
2016-04-05,0.0,0.0,0.0
2016-04-06,0.0,0.0,0.0
2016-04-07,0.0,0.0,0.0
2016-04-08,0.0,0.0,0.0
2016-04-11,0.006685416684537322,0.0980703280060731,0.013907069291406587
2016-04-12,0.0,0.0,0.0
2016-04-13,0.0,0.0,0.0
2016-04-14,0.0,0.0,0.0
2016-04-15,0.0,0.0,0.0
2016-04-18,0.006050859274690422,0.08451437761858525,0.13378842080662268
2016-04-19,0.0,0.0,0.0
2016-04-20,0.0,0.0,0.0
2016-04-21,0.0,0.0,0.0
2016-04-22,0.0,0.0,0.0
2016-04-25,0.010759260180897567,0.07444250933300753,0.0004298925819030916
2016-04-26,0.0,0.0,0.0
2016-04-27,0.0,0.0,0.0
2016-04-28,0.0,0.0,0.0
2016-04-29,0.0,0.0,0.0
2016-05-02,0.005710475000807021,0.14824679595261359,0.0638600862040694
2016-05-03,0.0,0.0,0.0
2016-05-04,0.0,0.0,0.0
2016-05-05,0.0,0.0,0.0
2016-05-06,0.0,0.0,0.0
2016-05-09,0.005511844111242406,0.06172541134635966,0.10261103128918504
2016-05-10,0.0,0.0,0.0
2016-05-11,0.0,0.0,0.0
2016-05-12,0.0,0.0,0.0
2016-05-13,0.0,0.0,0.0
2016-05-16,0.0027514731325532157,0.0949720204617374,0.010670850013599624
2016-05-17,0.0,0.0,0.0
2016-05-18,0.0,0.0,0.0
2016-05-19,0.0,0.0,0.0
2016-05-20,0.0,0.0,0.0
2016-05-23,0.005497287466943203,0.037521839153745004,0.03257860887308576
2016-05-24,0.0,0.0,0.0
2016-05-25,0.0,0.0,0.0
2016-05-26,0.0,0.0,0.0
2016-05-27,0.0,0.0,0.0
2016-05-31,0.003022409070749549,0.06780172644261838,0.05782026494535472
2016-06-01,0.0,0.0,0.0
2016-06-02,0.0,0.0,0.0
2016-06-03,0.0,0.0,0.0
2016-06-06,0.004671884004613193,0.058930707690861166,0.020096401093390684
2016-06-07,0.0,0.0,0.0
2016-06-08,0.0,0.0,0.0
2016-06-09,0.0,0.0,0.0
2016-06-10,0.0,0.0,0.0
2016-06-13,0.0035655984163762283,0.04926437952383074,4.85722573273506e-17
2016-06-14,0.0,0.0,0.0
2016-06-15,0.0,0.0,0.0
2016-06-16,0.0,0.0,0.0
2016-06-17,0.0,0.0,0.0
2016-06-20,0.0034344857957879296,0.03843766273994624,0.04415228790473643
2016-06-21,0.0,0.0,0.0
2016-06-22,0.0,0.0,0.0
2016-06-23,0.0,0.0,0.0
2016-06-24,0.0,0.0,0.0
2016-06-27,0.004670249898682359,0.03952071501383036,0.002735825422756881
2016-06-28,0.0,0.0,0.0
2016-06-29,0.0,0.0,0.0
2016-06-30,0.0,0.0,0.0
2016-07-01,0.0,0.0,0.0
2016-07-05,0.0046273494229213535,0.04950729677331363,0.021220230322644598
2016-07-06,0.0,0.0,0.0
2016-07-07,0.0,0.0,0.0
2016-07-08,0.0,0.0,0.0
2016-07-11,0.004402890112939949,0.01170909600342842,1.9670431255446714e-06
2016-07-12,0.0,0.0,0.0
2016-07-13,0.0,0.0,0.0
2016-07-14,0.0,0.0,0.0
2016-07-15,0.0,0.0,0.0
2016-07-18,0.006683120713834853,0.04111298883871199,0.024544215047588115
2016-07-19,0.0,0.0,0.0
2016-07-20,0.0,0.0,0.0
2016-07-21,0.0,0.0,0.0
2016-07-22,0.0,0.0,0.0
2016-07-25,0.00423548782797465,0.10094056450972119,1.4551705892469122e-07
2016-07-26,0.0,0.0,0.0
2016-07-27,0.0,0.0,0.0
2016-07-28,0.0,0.0,0.0
2016-07-29,0.0,0.0,0.0
2016-08-01,0.0033734605586074537,0.01069349361838845,0.08160528587870897
2016-08-02,0.0,0.0,0.0
2016-08-03,0.0,0.0,0.0
2016-08-04,0.0,0.0,0.0
2016-08-05,0.0,0.0,0.0
2016-08-08,0.0033471224165469854,0.01762615069146932,0.05298999264532123
2016-08-09,0.0,0.0,0.0
2016-08-10,0.0,0.0,0.0
2016-08-11,0.0,0.0,0.0
2016-08-12,0.0,0.0,0.0
2016-08-15,0.0028805748701832487,0.036825854511189804,5.068527996394484e-09
2016-08-16,0.0,0.0,0.0
2016-08-17,0.0,0.0,0.0
2016-08-18,0.0,0.0,0.0
2016-08-19,0.0,0.0,0.0
2016-08-22,0.004235812919165097,0.03561500819833652,1.5372499680246411e-09
2016-08-23,0.0,0.0,0.0
2016-08-24,0.0,0.0,0.0
2016-08-25,0.0,0.0,0.0
2016-08-26,0.0,0.0,0.0
2016-08-29,0.0033579251730327733,0.04639912797229462,0.008340478514555468
2016-08-30,0.0,0.0,0.0
2016-08-31,0.0,0.0,0.0
2016-09-01,0.0,0.0,0.0
2016-09-02,0.0,0.0,0.0
2016-09-06,0.003006636905429412,0.03932906318462938,2.4047453292057935e-08
2016-09-07,0.0,0.0,0.0
2016-09-08,0.0,0.0,0.0
2016-09-09,0.0,0.0,0.0
2016-09-12,0.005836660243732569,0.03756618499824204,0.10240705488240479
2016-09-13,0.0,0.0,0.0
2016-09-14,0.0,0.0,0.0
2016-09-15,0.0,0.0,0.0
2016-09-16,0.0,0.0,0.0
2016-09-19,0.006403930064029201,0.11700413719633632,0.0572194189362545
2016-09-20,0.0,0.0,0.0
2016-09-21,0.0,0.0,0.0
2016-09-22,0.0,0.0,0.0
2016-09-23,0.0,0.0,0.0
2016-09-26,0.0032583427079430627,0.046687466675289925,3.499710283132156e-11
2016-09-27,0.0,0.0,0.0
2016-09-28,0.0,0.0,0.0
2016-09-29,0.0,0.0,0.0
2016-09-30,0.0,0.0,0.0
2016-10-03,0.006678611101409215,0.08438436242900413,0.1104731671546785
2016-10-04,0.0,0.0,0.0
2016-10-05,0.0,0.0,0.0
2016-10-06,0.0,0.0,0.0
2016-10-07,0.0,0.0,0.0
2016-10-10,0.005487579116093801,0.05010312629567418,0.005433048609638343
2016-10-11,0.0,0.0,0.0
2016-10-12,0.0,0.0,0.0
2016-10-13,0.0,0.0,0.0
2016-10-14,0.0,0.0,0.0
2016-10-17,0.003920154244293761,0.04410589147731281,0.03183392683525159
2016-10-18,0.0,0.0,0.0
2016-10-19,0.0,0.0,0.0
2016-10-20,0.0,0.0,0.0
2016-10-21,0.0,0.0,0.0
2016-10-24,0.0024272001368669666,0.021580959755521375,0.0021021372524757695
2016-10-25,0.0,0.0,0.0
2016-10-26,0.0,0.0,0.0
2016-10-27,0.0,0.0,0.0
2016-10-28,0.0,0.0,0.0
2016-10-31,0.004919264394287172,0.020665007346661365,0.004091629121327501
2016-11-01,0.0,0.0,0.0
2016-11-02,0.0,0.0,0.0
2016-11-03,0.0,0.0,0.0
2016-11-04,0.0,0.0,0.0
2016-11-07,0.003283898900746901,0.01562279457076142,0.0618151713808082
2016-11-08,0.0,0.0,0.0
2016-11-09,0.0,0.0,0.0
2016-11-10,0.0,0.0,0.0
2016-11-11,0.0,0.0,0.0
2016-11-14,0.017322476193267593,0.10100057759891226,0.00023947089514177606
2016-11-15,0.0,0.0,0.0
2016-11-16,0.0,0.0,0.0
2016-11-17,0.0,0.0,0.0
2016-11-18,0.0,0.0,0.0
2016-11-21,0.00471459590348608,0.06809128812080074,0.0376921116112489
2016-11-22,0.0,0.0,0.0
2016-11-23,0.0,0.0,0.0
2016-11-25,0.0,0.0,0.0
2016-11-28,0.003789588691798282,0.039846575237873175,0.0030624811719161082
2016-11-29,0.0,0.0,0.0
2016-11-30,0.0,0.0,0.0
2016-12-01,0.0,0.0,0.0
2016-12-02,0.0,0.0,0.0
2016-12-05,0.0066362629676564935,0.11468555995641018,0.09220034604507675
2016-12-06,0.0,0.0,0.0
2016-12-07,0.0,0.0,0.0
2016-12-08,0.0,0.0,0.0
2016-12-09,0.0,0.0,0.0
2016-12-12,0.0054532325742957174,0.015405997057401956,0.027464390984684495
2016-12-13,0.0,0.0,0.0
2016-12-14,0.0,0.0,0.0
2016-12-15,0.0,0.0,0.0
2016-12-16,0.0,0.0,0.0
2016-12-19,0.0053672697173595685,0.030841925437547324,2.570852731667156e-06
2016-12-20,0.0,0.0,0.0
2016-12-21,0.0,0.0,0.0
2016-12-22,0.0,0.0,0.0
2016-12-23,0.0,0.0,0.0
2016-12-27,0.0019986792310831003,0.011361589338397968,9.138848984259662e-06
2016-12-28,0.0,0.0,0.0
2016-12-29,0.0,0.0,0.0
2016-12-30,0.0,0.0,0.0
2017-01-03,0.0022461099117589284,0.012950585241668089,1.497661211142142e-07
2017-01-04,0.0,0.0,0.0
2017-01-05,0.0,0.0,0.0
2017-01-06,0.0,0.0,0.0
2017-01-09,0.0036948661699022847,0.035971641135015796,2.5909835537914767e-08
2017-01-10,0.0,0.0,0.0
2017-01-11,0.0,0.0,0.0
2017-01-12,0.0,0.0,0.0
2017-01-13,0.0,0.0,0.0
2017-01-17,0.003212169152338358,0.019736359552259754,8.150453404008523e-09
2017-01-18,0.0,0.0,0.0
2017-01-19,0.0,0.0,0.0
2017-01-20,0.0,0.0,0.0
2017-01-23,0.003293433436843296,0.09573392098244682,1.584449125177367e-09
2017-01-24,0.0,0.0,0.0
2017-01-25,0.0,0.0,0.0
2017-01-26,0.0,0.0,0.0
2017-01-27,0.0,0.0,0.0
2017-01-30,0.005839003984392709,0.06459299600517912,0.023522548842613445
2017-01-31,0.0,0.0,0.0
2017-02-01,0.0,0.0,0.0
2017-02-02,0.0,0.0,0.0
2017-02-03,0.0,0.0,0.0
2017-02-06,0.004806796260556065,0.11392873531553947,0.006806462425770381
2017-02-07,0.0,0.0,0.0
2017-02-08,0.0,0.0,0.0
2017-02-09,0.0,0.0,0.0
2017-02-10,0.0,0.0,0.0
2017-02-13,0.002777707508276342,0.012359314106682819,5.61456372464707e-07
2017-02-14,0.0,0.0,0.0
2017-02-15,0.0,0.0,0.0
2017-02-16,0.0,0.0,0.0
2017-02-17,0.0,0.0,0.0
2017-02-21,0.005086616483614713,0.06582772211197149,0.015087601100959283
2017-02-22,0.0,0.0,0.0
2017-02-23,0.0,0.0,0.0
2017-02-24,0.0,0.0,0.0
2017-02-27,0.005062330786985252,0.04606736365429854,2.623702890800039e-09
2017-02-28,0.0,0.0,0.0
2017-03-01,0.0,0.0,0.0
2017-03-02,0.0,0.0,0.0
2017-03-03,0.0,0.0,0.0
2017-03-06,0.0032717814338789203,0.049327415308041585,7.347642367561975e-10
2017-03-07,0.0,0.0,0.0
2017-03-08,0.0,0.0,0.0
2017-03-09,0.0,0.0,0.0
2017-03-10,0.0,0.0,0.0
2017-03-13,0.003346987036155269,0.0403150389767254,2.2377936778778384e-10
2017-03-14,0.0,0.0,0.0
2017-03-15,0.0,0.0,0.0
2017-03-16,0.0,0.0,0.0
2017-03-17,0.0,0.0,0.0
2017-03-20,0.0026333060407891656,0.033332396621555106,4.25837071745261e-11
2017-03-21,0.0,0.0,0.0
2017-03-22,0.0,0.0,0.0
2017-03-23,0.0,0.0,0.0
2017-03-24,0.0,0.0,0.0
2017-03-27,0.004428311826847997,0.05302688735451991,0.006873240452593473
2017-03-28,0.0,0.0,0.0
2017-03-29,0.0,0.0,0.0
2017-03-30,0.0,0.0,0.0
2017-03-31,0.0,0.0,0.0
2017-04-03,0.003713035140410756,0.012538154262503178,2.3240429013727162e-12
2017-04-04,0.0,0.0,0.0
2017-04-05,0.0,0.0,0.0
2017-04-06,0.0,0.0,0.0
2017-04-07,0.0,0.0,0.0
2017-04-10,0.001954701162478076,0.040364318293805525,0.01680789750110978
2017-04-11,0.0,0.0,0.0
2017-04-12,0.0,0.0,0.0
2017-04-13,0.0,0.0,0.0
2017-04-17,0.0046646173476240504,0.0452472741139108,4.068359281985193e-05
2017-04-18,0.0,0.0,0.0
2017-04-19,0.0,0.0,0.0
2017-04-20,0.0,0.0,0.0
2017-04-21,0.0,0.0,0.0
2017-04-24,0.005308035285460609,0.009394368941188908,0.11723315553893039
2017-04-25,0.0,0.0,0.0
2017-04-26,0.0,0.0,0.0
2017-04-27,0.0,0.0,0.0
2017-04-28,0.0,0.0,0.0
2017-05-01,0.004385528809997111,0.06618388685977472,0.11460705826580174
2017-05-02,0.0,0.0,0.0
2017-05-03,0.0,0.0,0.0
2017-05-04,0.0,0.0,0.0
2017-05-05,0.0,0.0,0.0
2017-05-08,0.0026296617099998976,0.033588237973615376,0.030056792175346375
2017-05-09,0.0,0.0,0.0
2017-05-10,0.0,0.0,0.0
2017-05-11,0.0,0.0,0.0
2017-05-12,0.0,0.0,0.0
2017-05-15,0.003297681522723528,0.07488160728403231,0.021391522379066736
2017-05-16,0.0,0.0,0.0
2017-05-17,0.0,0.0,0.0
2017-05-18,0.0,0.0,0.0
2017-05-19,0.0,0.0,0.0
2017-05-22,0.0023830239777668447,0.04925791265690308,0.0001370350906785462
2017-05-23,0.0,0.0,0.0
2017-05-24,0.0,0.0,0.0
2017-05-25,0.0,0.0,0.0
2017-05-26,0.0,0.0,0.0
2017-05-30,0.004581808191849099,0.05947950994702739,0.06377863478218898
2017-05-31,0.0,0.0,0.0
2017-06-01,0.0,0.0,0.0
2017-06-02,0.0,0.0,0.0
2017-06-05,0.005271550180061084,0.011137754084268148,0.06852572218328457
2017-06-06,0.0,0.0,0.0
2017-06-07,0.0,0.0,0.0
2017-06-08,0.0,0.0,0.0
2017-06-09,0.0,0.0,0.0
2017-06-12,0.0070496520211406274,0.04446004699934293,2.856209807661057e-07
2017-06-13,0.0,0.0,0.0
2017-06-14,0.0,0.0,0.0
2017-06-15,0.0,0.0,0.0
2017-06-16,0.0,0.0,0.0
2017-06-19,0.0033848324855322784,0.06011135472234917,0.003888373275541721
2017-06-20,0.0,0.0,0.0
2017-06-21,0.0,0.0,0.0
2017-06-22,0.0,0.0,0.0
2017-06-23,0.0,0.0,0.0
2017-06-26,0.006623976871814055,0.09437588177851462,6.72618021333193e-18
2017-06-27,0.0,0.0,0.0
2017-06-28,0.0,0.0,0.0
2017-06-29,0.0,0.0,0.0
2017-06-30,0.0,0.0,0.0
2017-07-03,0.006318321629861033,0.1394006374013006,0.0015970626264243015
2017-07-05,0.0,0.0,0.0
2017-07-06,0.0,0.0,0.0
2017-07-07,0.0,0.0,0.0
2017-07-10,0.0035436100062280346,0.08142828747927636,0.000739400669361292
2017-07-11,0.0,0.0,0.0
2017-07-12,0.0,0.0,0.0
2017-07-13,0.0,0.0,0.0
2017-07-14,0.0,0.0,0.0
2017-07-17,0.0039986348392362925,0.060082660377852294,0.005595461501454647
2017-07-18,0.0,0.0,0.0
2017-07-19,0.0,0.0,0.0
2017-07-20,0.0,0.0,0.0
2017-07-21,0.0,0.0,0.0
2017-07-24,0.004103118913660962,0.04303391157522844,0.00021741050699275742
2017-07-25,0.0,0.0,0.0
2017-07-26,0.0,0.0,0.0
2017-07-27,0.0,0.0,0.0
2017-07-28,0.0,0.0,0.0
2017-07-31,0.0030502807564747048,0.06814712896094016,0.00024135189443285872
2017-08-01,0.0,0.0,0.0
2017-08-02,0.0,0.0,0.0
2017-08-03,0.0,0.0,0.0
2017-08-04,0.0,0.0,0.0
2017-08-07,0.0040755622095967545,0.13220746344861692,0.0007002825356337532
2017-08-08,0.0,0.0,0.0
2017-08-09,0.0,0.0,0.0
2017-08-10,0.0,0.0,0.0
2017-08-11,0.0,0.0,0.0
2017-08-14,0.004186384661800796,0.03172849965021998,0.056981540576822774
2017-08-15,0.0,0.0,0.0
2017-08-16,0.0,0.0,0.0
2017-08-17,0.0,0.0,0.0
2017-08-18,0.0,0.0,0.0
2017-08-21,0.004274244646692925,0.018468700127472412,0.041128330150578235
2017-08-22,0.0,0.0,0.0
2017-08-23,0.0,0.0,0.0
2017-08-24,0.0,0.0,0.0
2017-08-25,0.0,0.0,0.0
2017-08-28,0.0026386439487773306,0.062369694615347596,0.035948985790920984
2017-08-29,0.0,0.0,0.0
2017-08-30,0.0,0.0,0.0
2017-08-31,0.0,0.0,0.0
2017-09-01,0.0,0.0,0.0
2017-09-05,0.00446687795455647,0.059643602899246986,0.0018203584444326244
2017-09-06,0.0,0.0,0.0
2017-09-07,0.0,0.0,0.0
2017-09-08,0.0,0.0,0.0
2017-09-11,0.005191321064893201,0.028609103542218607,0.00012360045587432984
2017-09-12,0.0,0.0,0.0
2017-09-13,0.0,0.0,0.0
2017-09-14,0.0,0.0,0.0
2017-09-15,0.0,0.0,0.0
2017-09-18,0.00557106373857337,0.02795209688981995,8.850572221251964e-12
2017-09-19,0.0,0.0,0.0
2017-09-20,0.0,0.0,0.0
2017-09-21,0.0,0.0,0.0
2017-09-22,0.0,0.0,0.0
2017-09-25,0.007306739142626202,0.05662011225319614,0.0009326768496314666
2017-09-26,0.0,0.0,0.0
2017-09-27,0.0,0.0,0.0
2017-09-28,0.0,0.0,0.0
2017-09-29,0.0,0.0,0.0
2017-10-02,0.0027917218107158456,0.031567434820928095,0.0024754972654682217
2017-10-03,0.0,0.0,0.0
2017-10-04,0.0,0.0,0.0
2017-10-05,0.0,0.0,0.0
2017-10-06,0.0,0.0,0.0
2017-10-09,0.004039330817366932,0.0670950912282362,0.0026092253774963148
2017-10-10,0.0,0.0,0.0
2017-10-11,0.0,0.0,0.0
2017-10-12,0.0,0.0,0.0
2017-10-13,0.0,0.0,0.0
2017-10-16,0.003310634663661445,0.08652275875064373,0.0015463649038669409
2017-10-17,0.0,0.0,0.0
2017-10-18,0.0,0.0,0.0
2017-10-19,0.0,0.0,0.0
2017-10-20,0.0,0.0,0.0
2017-10-23,0.004192818322235434,0.09098229099766554,0.011832432732044755
2017-10-24,0.0,0.0,0.0
2017-10-25,0.0,0.0,0.0
2017-10-26,0.0,0.0,0.0
2017-10-27,0.0,0.0,0.0
2017-10-30,0.005057397079862795,0.009206626869118086,0.006164741508558971
2017-10-31,0.0,0.0,0.0
2017-11-01,0.0,0.0,0.0
2017-11-02,0.0,0.0,0.0
2017-11-03,0.0,0.0,0.0
2017-11-06,0.003422651992828367,0.019768853420971358,0.003770622817428682
2017-11-07,0.0,0.0,0.0
2017-11-08,0.0,0.0,0.0
2017-11-09,0.0,0.0,0.0
2017-11-10,0.0,0.0,0.0
2017-11-13,0.0051761355049992006,0.029779682655330646,3.8617451794856036e-05
2017-11-14,0.0,0.0,0.0
2017-11-15,0.0,0.0,0.0
2017-11-16,0.0,0.0,0.0
2017-11-17,0.0,0.0,0.0
2017-11-20,0.003957540410320433,0.04913988675599894,0.000979353506204344
2017-11-21,0.0,0.0,0.0
2017-11-22,0.0,0.0,0.0
2017-11-24,0.0,0.0,0.0
2017-11-27,0.0024049137857712413,0.023340987711886287,0.004792165038658493
2017-11-28,0.0,0.0,0.0
2017-11-29,0.0,0.0,0.0
2017-11-30,0.0,0.0,0.0
2017-12-01,0.0,0.0,0.0
2017-12-04,0.007005064293342203,0.06819912874240905,0.015242108318901115
2017-12-05,0.0,0.0,0.0
2017-12-06,0.0,0.0,0.0
2017-12-07,0.0,0.0,0.0
2017-12-08,0.0,0.0,0.0
2017-12-11,0.0033825246981030593,0.03416381041106312,0.01620594598395222
2017-12-12,0.0,0.0,0.0
2017-12-13,0.0,0.0,0.0
2017-12-14,0.0,0.0,0.0
2017-12-15,0.0,0.0,0.0
2017-12-18,0.003595445036900409,0.04895801512774636,0.016645725435216564
2017-12-19,0.0,0.0,0.0
2017-12-20,0.0,0.0,0.0
2017-12-21,0.0,0.0,0.0
2017-12-22,0.0,0.0,0.0
2017-12-26,0.007812835312162335,0.05447999154552033,0.003331806574436408
2017-12-27,0.0,0.0,0.0
2017-12-28,0.0,0.0,0.0
2017-12-29,0.0,0.0,0.0
2018-01-02,0.0018393641069367889,0.030591025322432068,0.0023547181592216194
2018-01-03,0.0,0.0,0.0
2018-01-04,0.0,0.0,0.0
2018-01-05,0.0,0.0,0.0
2018-01-08,0.008345791561723735,0.08089182573817695,0.059406045701551745
2018-01-09,0.0,0.0,0.0
2018-01-10,0.0,0.0,0.0
2018-01-11,0.0,0.0,0.0
2018-01-12,0.0,0.0,0.0
2018-01-16,0.007640179870976198,0.08688269706946708,0.08768723902214605
2018-01-17,0.0,0.0,0.0
2018-01-18,0.0,0.0,0.0
2018-01-19,0.0,0.0,0.0
2018-01-22,0.0050143057536610955,0.1191605793119433,0.03158950170595423
2018-01-23,0.0,0.0,0.0
2018-01-24,0.0,0.0,0.0
2018-01-25,0.0,0.0,0.0
2018-01-26,0.0,0.0,0.0
2018-01-29,0.003907015096842305,0.07064881241345954,0.012554028336652905
2018-01-30,0.0,0.0,0.0
2018-01-31,0.0,0.0,0.0
2018-02-01,0.0,0.0,0.0
2018-02-02,0.0,0.0,0.0
2018-02-05,0.007027274361056476,0.057406517689016785,0.13935562068822774
2018-02-06,0.0,0.0,0.0
2018-02-07,0.0,0.0,0.0
2018-02-08,0.0,0.0,0.0
2018-02-09,0.0,0.0,0.0
2018-02-12,0.007746452705497092,0.06753543530468159,0.06567169016296079
2018-02-13,0.0,0.0,0.0
2018-02-14,0.0,0.0,0.0
2018-02-15,0.0,0.0,0.0
2018-02-16,0.0,0.0,0.0
2018-02-20,0.005257436537070483,0.04875242640198574,0.012303493037538712
2018-02-21,0.0,0.0,0.0
2018-02-22,0.0,0.0,0.0
2018-02-23,0.0,0.0,0.0
2018-02-26,0.003550826507362645,0.011646992037033545,0.00305385483493099
2018-02-27,0.0,0.0,0.0
2018-02-28,0.0,0.0,0.0
2018-03-01,0.0,0.0,0.0
2018-03-02,0.0,0.0,0.0
2018-03-05,0.004782188668368721,0.05327618038484017,0.013642461713199357
2018-03-06,0.0,0.0,0.0
2018-03-07,0.0,0.0,0.0
2018-03-08,0.0,0.0,0.0
2018-03-09,0.0,0.0,0.0
2018-03-12,0.006403340921364055,0.025773543596880243,0.00858691222039502
2018-03-13,0.0,0.0,0.0
2018-03-14,0.0,0.0,0.0
2018-03-15,0.0,0.0,0.0
2018-03-16,0.0,0.0,0.0
2018-03-19,0.005351385800030917,0.03819484215146091,0.0013943354429888431
2018-03-20,0.0,0.0,0.0
2018-03-21,0.0,0.0,0.0
2018-03-22,0.0,0.0,0.0
2018-03-23,0.0,0.0,0.0
2018-03-26,0.01062577590431265,0.05983096447860944,0.03857558223863025
2018-03-27,0.0,0.0,0.0
2018-03-28,0.0,0.0,0.0
2018-03-29,0.0,0.0,0.0
2018-04-02,0.003935216363122086,0.016007710344599205,0.03106732741841539
2018-04-03,0.0,0.0,0.0
2018-04-04,0.0,0.0,0.0
2018-04-05,0.0,0.0,0.0
2018-04-06,0.0,0.0,0.0
2018-04-09,0.0036963632119672712,0.015532482934616808,0.023050718138563468
2018-04-10,0.0,0.0,0.0
2018-04-11,0.0,0.0,0.0
2018-04-12,0.0,0.0,0.0
2018-04-13,0.0,0.0,0.0
2018-04-16,0.007916999684452426,0.0382321935277705,0.0041794734458519564
2018-04-17,0.0,0.0,0.0
2018-04-18,0.0,0.0,0.0
2018-04-19,0.0,0.0,0.0
2018-04-20,0.0,0.0,0.0
2018-04-23,0.006628176075299107,0.04262737781839274,0.0017886757317314293
2018-04-24,0.0,0.0,0.0
2018-04-25,0.0,0.0,0.0
2018-04-26,0.0,0.0,0.0
2018-04-27,0.0,0.0,0.0
2018-04-30,0.006646899419353772,0.05537679732697289,0.016609399499334303
2018-05-01,0.0,0.0,0.0
2018-05-02,0.0,0.0,0.0
2018-05-03,0.0,0.0,0.0
2018-05-04,0.0,0.0,0.0
2018-05-07,0.005728884624716463,0.07982517374045808,0.0024324554529543104
2018-05-08,0.0,0.0,0.0
2018-05-09,0.0,0.0,0.0
2018-05-10,0.0,0.0,0.0
2018-05-11,0.0,0.0,0.0
2018-05-14,0.00833771569508305,0.022274682644588296,0.05151443223760961
2018-05-15,0.0,0.0,0.0
2018-05-16,0.0,0.0,0.0
2018-05-17,0.0,0.0,0.0
2018-05-18,0.0,0.0,0.0
2018-05-21,0.005057075069511981,0.01820326816012291,0.015924804770052644
2018-05-22,0.0,0.0,0.0
2018-05-23,0.0,0.0,0.0
2018-05-24,0.0,0.0,0.0
2018-05-25,0.0,0.0,0.0
2018-05-29,0.006744993973107127,0.015961478449487823,0.003225089441934472
2018-05-30,0.0,0.0,0.0
2018-05-31,0.0,0.0,0.0
2018-06-01,0.0,0.0,0.0
2018-06-04,0.004232890945009116,0.04596728809130579,0.0015690284925283494
2018-06-05,0.0,0.0,0.0
2018-06-06,0.0,0.0,0.0
2018-06-07,0.0,0.0,0.0
2018-06-08,0.0,0.0,0.0
2018-06-11,0.006529243473367093,0.048743065665396844,0.00015915785424456944
2018-06-12,0.0,0.0,0.0
2018-06-13,0.0,0.0,0.0
2018-06-14,0.0,0.0,0.0
2018-06-15,0.0,0.0,0.0
2018-06-18,0.007868994362605623,0.0389231513804975,3.0374682347846517e-05
2018-06-19,0.0,0.0,0.0
2018-06-20,0.0,0.0,0.0
2018-06-21,0.0,0.0,0.0
2018-06-22,0.0,0.0,0.0
2018-06-25,0.006219450114219906,0.0364001472230963,2.0952970313628998e-05
2018-06-26,0.0,0.0,0.0
2018-06-27,0.0,0.0,0.0
2018-06-28,0.0,0.0,0.0
2018-06-29,0.0,0.0,0.0
2018-07-02,0.005749104088604337,0.04046566336976135,0.00012415510129716633
2018-07-03,0.0,0.0,0.0
2018-07-05,0.0,0.0,0.0
2018-07-06,0.0,0.0,0.0
2018-07-09,0.004440752227106895,0.024351095356337393,3.122502256758253e-17
2018-07-10,0.0,0.0,0.0
2018-07-11,0.0,0.0,0.0
2018-07-12,0.0,0.0,0.0
2018-07-13,0.0,0.0,0.0
2018-07-16,0.00413761923000408,0.00594995764816113,0.14469706629264076
2018-07-17,0.0,0.0,0.0
2018-07-18,0.0,0.0,0.0
2018-07-19,0.0,0.0,0.0
2018-07-20,0.0,0.0,0.0
2018-07-23,0.0036105934789647035,0.025024099627011593,0.028851611833990983
2018-07-24,0.0,0.0,0.0
2018-07-25,0.0,0.0,0.0
2018-07-26,0.0,0.0,0.0
2018-07-27,0.0,0.0,0.0
2018-07-30,0.004687656118175697,0.04254394681939908,0.041620939096086045
2018-07-31,0.0,0.0,0.0
2018-08-01,0.0,0.0,0.0
2018-08-02,0.0,0.0,0.0
2018-08-03,0.0,0.0,0.0
2018-08-06,0.004462760568156296,0.03329121855526935,0.0009948482501170907
2018-08-07,0.0,0.0,0.0
2018-08-08,0.0,0.0,0.0
2018-08-09,0.0,0.0,0.0
2018-08-10,0.0,0.0,0.0
2018-08-13,0.0031742546525332788,0.013927293451807491,0.001178810069639773
2018-08-14,0.0,0.0,0.0
2018-08-15,0.0,0.0,0.0
2018-08-16,0.0,0.0,0.0
2018-08-17,0.0,0.0,0.0
2018-08-20,0.007035316749421344,0.005609851033240704,0.006808503325506452
2018-08-21,0.0,0.0,0.0
2018-08-22,0.0,0.0,0.0
2018-08-23,0.0,0.0,0.0
2018-08-24,0.0,0.0,0.0
2018-08-27,0.005319131225278925,0.06526733631690787,0.08463950112852388
2018-08-28,0.0,0.0,0.0
2018-08-29,0.0,0.0,0.0
2018-08-30,0.0,0.0,0.0
2018-08-31,0.0,0.0,0.0
2018-09-04,0.0032333728201685633,0.06275940065621347,0.054014424119053286
2018-09-05,0.0,0.0,0.0
2018-09-06,0.0,0.0,0.0
2018-09-07,0.0,0.0,0.0
2018-09-10,0.004968413290040517,0.03968377405717598,0.007561924881722035
2018-09-11,0.0,0.0,0.0
2018-09-12,0.0,0.0,0.0
2018-09-13,0.0,0.0,0.0
2018-09-14,0.0,0.0,0.0
2018-09-17,0.003263738309616772,0.04300483987671823,0.02501288689978077
2018-09-18,0.0,0.0,0.0
2018-09-19,0.0,0.0,0.0
2018-09-20,0.0,0.0,0.0
2018-09-21,0.0,0.0,0.0
2018-09-24,0.004924350783746305,0.059048556128860286,0.0274604596747895
2018-09-25,0.0,0.0,0.0
2018-09-26,0.0,0.0,0.0
2018-09-27,0.0,0.0,0.0
2018-09-28,0.0,0.0,0.0
2018-10-01,0.008423422327311622,0.05425799191142589,0.028561348297337457
2018-10-02,0.0,0.0,0.0
2018-10-03,0.0,0.0,0.0
2018-10-04,0.0,0.0,0.0
2018-10-05,0.0,0.0,0.0
2018-10-08,0.0073671680395913375,0.05367205020607497,7.960131278116677e-10
2018-10-09,0.0,0.0,0.0
2018-10-10,0.0,0.0,0.0
2018-10-11,0.0,0.0,0.0
2018-10-12,0.0,0.0,0.0
2018-10-15,0.009327160877529737,0.11674203472868022,0.3500003322142854
2018-10-16,0.0,0.0,0.0
2018-10-17,0.0,0.0,0.0
2018-10-18,0.0,0.0,0.0
2018-10-19,0.0,0.0,0.0
2018-10-22,0.008242419609570902,0.028635274332520538,0.07780900932617642
2018-10-23,0.0,0.0,0.0
2018-10-24,0.0,0.0,0.0
2018-10-25,0.0,0.0,0.0
2018-10-26,0.0,0.0,0.0
2018-10-29,0.009103487246874264,0.03877500893599338,0.07585957861220588
2018-10-30,0.0,0.0,0.0
2018-10-31,0.0,0.0,0.0
2018-11-01,0.0,0.0,0.0
2018-11-02,0.0,0.0,0.0
2018-11-05,0.007805684495024508,0.03499239990603517,0.006849564773623422
2018-11-06,0.0,0.0,0.0
2018-11-07,0.0,0.0,0.0
2018-11-08,0.0,0.0,0.0
2018-11-09,0.0,0.0,0.0
2018-11-12,0.004348113415193845,0.023744438395377307,0.017161494590144183
2018-11-13,0.0,0.0,0.0
2018-11-14,0.0,0.0,0.0
2018-11-15,0.0,0.0,0.0
2018-11-16,0.0,0.0,0.0
2018-11-19,0.0047158969762446865,0.022988416784062958,0.03556765480155453
2018-11-20,0.0,0.0,0.0
2018-11-21,0.0,0.0,0.0
2018-11-23,0.0,0.0,0.0
2018-11-26,0.006426283945014939,0.04439455478323912,0.03914753138642763
2018-11-27,0.0,0.0,0.0
2018-11-28,0.0,0.0,0.0
2018-11-29,0.0,0.0,0.0
2018-11-30,0.0,0.0,0.0
2018-12-03,0.007372967486637794,0.030867865862345186,3.6667416831932614e-09
2018-12-04,0.0,0.0,0.0
2018-12-06,0.0,0.0,0.0
2018-12-07,0.0,0.0,0.0
2018-12-10,0.01108714452278163,0.035946994413234026,0.04107918809537489
2018-12-11,0.0,0.0,0.0
2018-12-12,0.0,0.0,0.0
2018-12-13,0.0,0.0,0.0
2018-12-14,0.0,0.0,0.0
2018-12-17,0.005155397326455931,0.022101492002618794,2.2762126234065745e-05
2018-12-18,0.0,0.0,0.0
2018-12-19,0.0,0.0,0.0
2018-12-20,0.0,0.0,0.0
2018-12-21,0.0,0.0,0.0
2018-12-24,0.010004536764864909,0.014521862102836923,0.01388905011770837
2018-12-26,0.0,0.0,0.0
2018-12-27,0.0,0.0,0.0
2018-12-28,0.0,0.0,0.0
2018-12-31,0.007456248668395206,0.016367213359154746,0.0005344052856498941
2019-01-02,0.0,0.0,0.0
2019-01-03,0.0,0.0,0.0
2019-01-04,0.0,0.0,0.0
2019-01-07,0.006363466490492929,0.046267962849801926,0.0001654652484737516
2019-01-08,0.0,0.0,0.0
2019-01-09,0.0,0.0,0.0
2019-01-10,0.0,0.0,0.0
2019-01-11,0.0,0.0,0.0
2019-01-14,0.006087604492106921,0.040881585213479725,2.683819453534462e-07
2019-01-15,0.0,0.0,0.0
2019-01-16,0.0,0.0,0.0
2019-01-17,0.0,0.0,0.0
2019-01-18,0.0,0.0,0.0
2019-01-22,0.005902481067975959,0.044909256524320054,1.869039449942061e-05
2019-01-23,0.0,0.0,0.0
2019-01-24,0.0,0.0,0.0
2019-01-25,0.0,0.0,0.0
2019-01-28,0.003434048097448003,0.048767175682880415,5.775222060466534e-08
2019-01-29,0.0,0.0,0.0
2019-01-30,0.0,0.0,0.0
2019-01-31,0.0,0.0,0.0
2019-02-01,0.0,0.0,0.0
2019-02-04,0.0052136379447967965,0.03525529891427838,2.0662231339971004e-08
2019-02-05,0.0,0.0,0.0
2019-02-06,0.0,0.0,0.0
2019-02-07,0.0,0.0,0.0
2019-02-08,0.0,0.0,0.0
2019-02-11,0.006929762738234133,0.08275944379678413,0.1298326732521261
2019-02-12,0.0,0.0,0.0
2019-02-13,0.0,0.0,0.0
2019-02-14,0.0,0.0,0.0
2019-02-15,0.0,0.0,0.0
2019-02-19,0.006154617644962106,0.049079920376598626,0.06658358084729868
2019-02-20,0.0,0.0,0.0
2019-02-21,0.0,0.0,0.0
2019-02-22,0.0,0.0,0.0
2019-02-25,0.004224846281899806,0.024124941246061793,0.010459636223165356
2019-02-26,0.0,0.0,0.0
2019-02-27,0.0,0.0,0.0
2019-02-28,0.0,0.0,0.0
2019-03-01,0.0,0.0,0.0
2019-03-04,0.0026625468638224806,0.02491111498462338,3.9292431973595294e-08
2019-03-05,0.0,0.0,0.0
2019-03-06,0.0,0.0,0.0
2019-03-07,0.0,0.0,0.0
2019-03-08,0.0,0.0,0.0
2019-03-11,0.006932907127081715,0.057410227115689716,6.991349747196868e-08
2019-03-12,0.0,0.0,0.0
2019-03-13,0.0,0.0,0.0
2019-03-14,0.0,0.0,0.0
2019-03-15,0.0,0.0,0.0
2019-03-18,0.005326705072989858,0.010166604199179904,1.0987813598321016e-08
2019-03-19,0.0,0.0,0.0
2019-03-20,0.0,0.0,0.0
2019-03-21,0.0,0.0,0.0
2019-03-22,0.0,0.0,0.0
2019-03-25,0.006987255693922334,0.033624811543711136,3.3650833552130498e-09
2019-03-26,0.0,0.0,0.0
2019-03-27,0.0,0.0,0.0
2019-03-28,0.0,0.0,0.0
2019-03-29,0.0,0.0,0.0
2019-04-01,0.00373136399595151,0.023986723639266783,1.050953855383736e-09
2019-04-02,0.0,0.0,0.0
2019-04-03,0.0,0.0,0.0
2019-04-04,0.0,0.0,0.0
2019-04-05,0.0,0.0,0.0
2019-04-08,0.007724984901884384,0.03031110881250708,3.242200412689671e-10
2019-04-09,0.0,0.0,0.0
2019-04-10,0.0,0.0,0.0
2019-04-11,0.0,0.0,0.0
2019-04-12,0.0,0.0,0.0
2019-04-15,0.0037175685368025305,0.015046599257276232,1.7515071899794206e-06
2019-04-16,0.0,0.0,0.0
2019-04-17,0.0,0.0,0.0
2019-04-18,0.0,0.0,0.0
2019-04-22,0.0063709331435422775,0.027714234510939136,0.024868356092497816
2019-04-23,0.0,0.0,0.0
2019-04-24,0.0,0.0,0.0
2019-04-25,0.0,0.0,0.0
2019-04-26,0.0,0.0,0.0
2019-04-29,0.005860698261406186,0.04261825042506986,0.10706303786349713
2019-04-30,0.0,0.0,0.0
2019-05-01,0.0,0.0,0.0
2019-05-02,0.0,0.0,0.0
2019-05-03,0.0,0.0,0.0
2019-05-06,0.004610251025066993,0.03724392904834574,0.04338918694369001
2019-05-07,0.0,0.0,0.0
2019-05-08,0.0,0.0,0.0
2019-05-09,0.0,0.0,0.0
2019-05-10,0.0,0.0,0.0
2019-05-13,0.005564249292339264,0.021171882257117053,0.1515750149443957
2019-05-14,0.0,0.0,0.0
2019-05-15,0.0,0.0,0.0
2019-05-16,0.0,0.0,0.0
2019-05-17,0.0,0.0,0.0
2019-05-20,0.004295272094899286,0.01611475238528151,6.358891516787064e-07
2019-05-21,0.0,0.0,0.0
2019-05-22,0.0,0.0,0.0
2019-05-23,0.0,0.0,0.0
2019-05-24,0.0,0.0,0.0
2019-05-28,0.006999155614937441,0.03534812033089058,2.6426463737064044e-07
2019-05-29,0.0,0.0,0.0
2019-05-30,0.0,0.0,0.0
2019-05-31,0.0,0.0,0.0
2019-06-03,0.00424904301614553,0.006532482317444278,0.1322871658364791
2019-06-04,0.0,0.0,0.0
2019-06-05,0.0,0.0,0.0
2019-06-06,0.0,0.0,0.0
2019-06-07,0.0,0.0,0.0
2019-06-10,0.006834802936606217,0.01987919934153648,4.6077995076616214e-08
2019-06-11,0.0,0.0,0.0
2019-06-12,0.0,0.0,0.0
2019-06-13,0.0,0.0,0.0
2019-06-14,0.0,0.0,0.0
2019-06-17,0.0030533063445609757,0.04114534118185603,9.449198008726639e-09
2019-06-18,0.0,0.0,0.0
2019-06-19,0.0,0.0,0.0
2019-06-20,0.0,0.0,0.0
2019-06-21,0.0,0.0,0.0
2019-06-24,0.0070806110878673945,0.03655185109442967,2.9330575922997458e-09
2019-06-25,0.0,0.0,0.0
2019-06-26,0.0,0.0,0.0
2019-06-27,0.0,0.0,0.0
2019-06-28,0.0,0.0,0.0
2019-07-01,0.004342665321915823,0.05267269295667858,0.031955850707822614
2019-07-02,0.0,0.0,0.0
2019-07-03,0.0,0.0,0.0
2019-07-05,0.0,0.0,0.0
2019-07-08,0.004865911175072561,0.018906414137984898,0.012363382380079635
2019-07-09,0.0,0.0,0.0
2019-07-10,0.0,0.0,0.0
2019-07-11,0.0,0.0,0.0
2019-07-12,0.0,0.0,0.0
2019-07-15,0.004610789052862926,0.005059618080615766,1.2161992140578679e-08
2019-07-16,0.0,0.0,0.0
2019-07-17,0.0,0.0,0.0
2019-07-18,0.0,0.0,0.0
2019-07-19,0.0,0.0,0.0
2019-07-22,0.003509811936024329,0.014062850093535612,3.6053698065094377e-09
2019-07-23,0.0,0.0,0.0
2019-07-24,0.0,0.0,0.0
2019-07-25,0.0,0.0,0.0
2019-07-26,0.0,0.0,0.0
2019-07-29,0.004345726737965905,0.015596239338079076,1.1045200382349856e-09
2019-07-30,0.0,0.0,0.0
2019-07-31,0.0,0.0,0.0
2019-08-01,0.0,0.0,0.0
2019-08-02,0.0,0.0,0.0
2019-08-05,0.007592344928770457,0.03651654700701758,3.793847847140598e-09
2019-08-06,0.0,0.0,0.0
2019-08-07,0.0,0.0,0.0
2019-08-08,0.0,0.0,0.0
2019-08-09,0.0,0.0,0.0
2019-08-12,0.004079669006638267,0.06481594347707953,0.013682213719422512
2019-08-13,0.0,0.0,0.0
2019-08-14,0.0,0.0,0.0
2019-08-15,0.0,0.0,0.0
2019-08-16,0.0,0.0,0.0
2019-08-19,0.006373579361660046,0.043959401598587605,0.013382560605130605
2019-08-20,0.0,0.0,0.0
2019-08-21,0.0,0.0,0.0
2019-08-22,0.0,0.0,0.0
2019-08-23,0.0,0.0,0.0
2019-08-26,0.004490850725988087,0.04248945937485116,0.011699551985863612
2019-08-27,0.0,0.0,0.0
2019-08-28,0.0,0.0,0.0
2019-08-29,0.0,0.0,0.0
2019-08-30,0.0,0.0,0.0
2019-09-03,0.0038220576102571124,0.02089200482981735,0.006063084212378481
2019-09-04,0.0,0.0,0.0
2019-09-05,0.0,0.0,0.0
2019-09-06,0.0,0.0,0.0
2019-09-09,0.004210060776201167,0.04653920376320536,0.003820071003590956
2019-09-10,0.0,0.0,0.0
2019-09-11,0.0,0.0,0.0
2019-09-12,0.0,0.0,0.0
2019-09-13,0.0,0.0,0.0
2019-09-16,0.008181535962658366,0.06400365611718294,1.3380417991889354e-08
2019-09-17,0.0,0.0,0.0
2019-09-18,0.0,0.0,0.0
2019-09-19,0.0,0.0,0.0
2019-09-20,0.0,0.0,0.0
2019-09-23,0.0054980246578771805,0.03082550137685596,1.1951567267496817e-06
2019-09-24,0.0,0.0,0.0
2019-09-25,0.0,0.0,0.0
2019-09-26,0.0,0.0,0.0
2019-09-27,0.0,0.0,0.0
2019-09-30,0.0052003259360536985,0.02559822633761398,1.547668531199671e-08
2019-10-01,0.0,0.0,0.0
2019-10-02,0.0,0.0,0.0
2019-10-03,0.0,0.0,0.0
2019-10-04,0.0,0.0,0.0
2019-10-07,0.007616844606843046,0.07093937888421047,0.04572954743553464
2019-10-08,0.0,0.0,0.0
2019-10-09,0.0,0.0,0.0
2019-10-10,0.0,0.0,0.0
2019-10-11,0.0,0.0,0.0
2019-10-14,0.004596952099006568,0.04783415263432067,0.0006231646520519744
2019-10-15,0.0,0.0,0.0
2019-10-16,0.0,0.0,0.0
2019-10-17,0.0,0.0,0.0
2019-10-18,0.0,0.0,0.0
2019-10-21,0.004111268255592729,0.07563965877661785,0.009219766549697618
2019-10-22,0.0,0.0,0.0
2019-10-23,0.0,0.0,0.0
2019-10-24,0.0,0.0,0.0
2019-10-25,0.0,0.0,0.0
2019-10-28,0.00580296653853804,0.10398140617738597,0.002430673601026029
2019-10-29,0.0,0.0,0.0
2019-10-30,0.0,0.0,0.0
2019-10-31,0.0,0.0,0.0
2019-11-01,0.0,0.0,0.0
2019-11-04,0.004923108016267878,0.04777170312683024,0.07885918059272416
2019-11-05,0.0,0.0,0.0
2019-11-06,0.0,0.0,0.0
2019-11-07,0.0,0.0,0.0
2019-11-08,0.0,0.0,0.0
2019-11-11,0.007409384514627568,0.06470120712364279,0.02096579976296187
2019-11-12,0.0,0.0,0.0
2019-11-13,0.0,0.0,0.0
2019-11-14,0.0,0.0,0.0
2019-11-15,0.0,0.0,0.0
2019-11-18,0.003958186697982646,0.1541904214599937,0.03885519364487047
2019-11-19,0.0,0.0,0.0
2019-11-20,0.0,0.0,0.0
2019-11-21,0.0,0.0,0.0
2019-11-22,0.0,0.0,0.0
2019-11-25,0.0030710426893260437,0.035066557175967426,2.9948670026988634e-10
2019-11-26,0.0,0.0,0.0
2019-11-27,0.0,0.0,0.0
2019-11-29,0.0,0.0,0.0
2019-12-02,0.0037562741767757854,0.025458551791499917,0.1027671324612543
2019-12-03,0.0,0.0,0.0
2019-12-04,0.0,0.0,0.0
2019-12-05,0.0,0.0,0.0
2019-12-06,0.0,0.0,0.0
2019-12-09,0.0032182498163023793,0.051703406028744764,0.05122645574917055
2019-12-10,0.0,0.0,0.0
2019-12-11,0.0,0.0,0.0
2019-12-12,0.0,0.0,0.0
2019-12-13,0.0,0.0,0.0
2019-12-16,0.002250528262391631,0.03342586829726488,0.009783395143022138
2019-12-17,0.0,0.0,0.0
2019-12-18,0.0,0.0,0.0
2019-12-19,0.0,0.0,0.0
2019-12-20,0.0,0.0,0.0
2019-12-23,0.00389847599459784,0.02573912812326408,6.324133343811947e-08
2019-12-24,0.0,0.0,0.0
2019-12-26,0.0,0.0,0.0
2019-12-27,0.0,0.0,0.0
2019-12-30,0.0016288891118069887,0.009995406403592077,0.024912480825217836
2019-12-31,0.0,0.0,0.0
2020-01-02,0.0,0.0,0.0
2020-01-03,0.0,0.0,0.0
2020-01-06,0.004225541646354511,0.011736723677162438,9.559098796270905e-08
2020-01-07,0.0,0.0,0.0
2020-01-08,0.0,0.0,0.0
2020-01-09,0.0,0.0,0.0
2020-01-10,0.0,0.0,0.0
2020-01-13,0.0034200511255345345,0.01880417320351696,2.248778171076618e-09
2020-01-14,0.0,0.0,0.0
2020-01-15,0.0,0.0,0.0
2020-01-16,0.0,0.0,0.0
2020-01-17,0.0,0.0,0.0
2020-01-21,0.005001984244697111,0.018403763973321524,0.013432743320770508
2020-01-22,0.0,0.0,0.0
2020-01-23,0.0,0.0,0.0
2020-01-24,0.0,0.0,0.0
2020-01-27,0.0068592313254606935,0.035448589534538055,0.0022873119108416462
2020-01-28,0.0,0.0,0.0
2020-01-29,0.0,0.0,0.0
2020-01-30,0.0,0.0,0.0
2020-01-31,0.0,0.0,0.0
2020-02-03,0.00820754777013253,0.016634144279338403,0.3133054191370652
2020-02-04,0.0,0.0,0.0
2020-02-05,0.0,0.0,0.0
2020-02-06,0.0,0.0,0.0
2020-02-07,0.0,0.0,0.0
2020-02-10,0.007210894831042383,0.00692095736847978,0.044422925725783435
2020-02-11,0.0,0.0,0.0
2020-02-12,0.0,0.0,0.0
2020-02-13,0.0,0.0,0.0
2020-02-14,0.0,0.0,0.0
2020-02-18,0.0035739047764392004,0.008253965749603548,5.803220852151076e-07
2020-02-19,0.0,0.0,0.0
2020-02-20,0.0,0.0,0.0
2020-02-21,0.0,0.0,0.0
2020-02-24,0.0029967253031094668,0.015197195844105171,0.001287699648455387
2020-02-25,0.0,0.0,0.0
2020-02-26,0.0,0.0,0.0
2020-02-27,0.0,0.0,0.0
2020-02-28,0.0,0.0,0.0
2020-03-02,0.014298571068238432,0.0730516236447335,2.2482365619217186e-08
2020-03-03,0.0,0.0,0.0
2020-03-04,0.0,0.0,0.0
2020-03-05,0.0,0.0,0.0
2020-03-06,0.0,0.0,0.0
2020-03-09,0.016373523983207933,0.02151319244903896,0.029228913180409113
2020-03-10,0.0,0.0,0.0
2020-03-11,0.0,0.0,0.0
2020-03-12,0.0,0.0,0.0
2020-03-13,0.0,0.0,0.0
2020-03-16,0.025501157907416035,0.06657531404919173,0.024822397897887403
2020-03-17,0.0,0.0,0.0
2020-03-18,0.0,0.0,0.0
2020-03-19,0.0,0.0,0.0
2020-03-20,0.0,0.0,0.0
2020-03-23,0.02244071517317666,0.23246127980698078,0.04332768113419749
2020-03-24,0.0,0.0,0.0
2020-03-25,0.0,0.0,0.0
2020-03-26,0.0,0.0,0.0
2020-03-27,0.0,0.0,0.0
2020-03-30,0.015654562201242228,0.09200489816575644,0.029638987647447955
2020-03-31,0.0,0.0,0.0
2020-04-01,0.0,0.0,0.0
2020-04-02,0.0,0.0,0.0
2020-04-03,0.0,0.0,0.0
2020-04-06,0.01857054661579683,0.15853457941746113,0.009939524538520116
2020-04-07,0.0,0.0,0.0
2020-04-08,0.0,0.0,0.0
2020-04-09,0.0,0.0,0.0
2020-04-13,0.0219471372287929,0.09572648010202389,0.029816057232332605
2020-04-14,0.0,0.0,0.0
2020-04-15,0.0,0.0,0.0
2020-04-16,0.0,0.0,0.0
2020-04-17,0.0,0.0,0.0
2020-04-20,0.015181626463207351,0.05097748360552003,0.35000023808003977
2020-04-21,0.0,0.0,0.0
2020-04-22,0.0,0.0,0.0
2020-04-23,0.0,0.0,0.0
2020-04-24,0.0,0.0,0.0
2020-04-27,0.006994661499432349,0.04212557546418719,0.15362814443909692
2020-04-28,0.0,0.0,0.0
2020-04-29,0.0,0.0,0.0
2020-04-30,0.0,0.0,0.0
2020-05-01,0.0,0.0,0.0
2020-05-04,0.008457705313603459,0.04872309693237914,0.005242584494760349
2020-05-05,0.0,0.0,0.0
2020-05-06,0.0,0.0,0.0
2020-05-07,0.0,0.0,0.0
2020-05-08,0.0,0.0,0.0
2020-05-11,0.011064219949005173,0.029990472169776253,0.003952757715489372
2020-05-12,0.0,0.0,0.0
2020-05-13,0.0,0.0,0.0
2020-05-14,0.0,0.0,0.0
2020-05-15,0.0,0.0,0.0
2020-05-18,0.011056928860455228,0.03808798314212533,0.0004493188212105083
2020-05-19,0.0,0.0,0.0
2020-05-20,0.0,0.0,0.0
2020-05-21,0.0,0.0,0.0
2020-05-22,0.0,0.0,0.0
2020-05-26,0.01058652922943644,0.0541703508109686,0.0005580119841404324
2020-05-27,0.0,0.0,0.0
2020-05-28,0.0,0.0,0.0
2020-05-29,0.0,0.0,0.0
2020-06-01,0.009152956645825085,0.030649899292722247,0.053526716868103064
2020-06-02,0.0,0.0,0.0
2020-06-03,0.0,0.0,0.0
2020-06-04,0.0,0.0,0.0
2020-06-05,0.0,0.0,0.0
2020-06-08,0.020937763618814803,0.0475088244190668,0.003082104058921436
2020-06-09,0.0,0.0,0.0
2020-06-10,0.0,0.0,0.0
2020-06-11,0.0,0.0,0.0
2020-06-12,0.0,0.0,0.0
2020-06-15,0.01473723833468412,0.08369133208142371,0.012067389187531915
2020-06-16,0.0,0.0,0.0
2020-06-17,0.0,0.0,0.0
2020-06-18,0.0,0.0,0.0
2020-06-19,0.0,0.0,0.0
2020-06-22,0.006803607920550424,0.04957233462012954,0.006851675226667712
2020-06-23,0.0,0.0,0.0
2020-06-24,0.0,0.0,0.0
2020-06-25,0.0,0.0,0.0
2020-06-26,0.0,0.0,0.0
2020-06-29,0.00732719239814477,0.05289342327507359,0.0069219848775955595
2020-06-30,0.0,0.0,0.0
2020-07-01,0.0,0.0,0.0
2020-07-02,0.0,0.0,0.0
2020-07-06,0.0063421077143532775,0.039801692272078665,0.009399938014091235
2020-07-07,0.0,0.0,0.0
2020-07-08,0.0,0.0,0.0
2020-07-09,0.0,0.0,0.0
2020-07-10,0.0,0.0,0.0
2020-07-13,0.009014646911419434,0.05661139063896853,0.0007506747019341978
2020-07-14,0.0,0.0,0.0
2020-07-15,0.0,0.0,0.0
2020-07-16,0.0,0.0,0.0
2020-07-17,0.0,0.0,0.0
2020-07-20,0.009929239880366841,0.07048017393447513,0.008703793534717624
2020-07-21,0.0,0.0,0.0
2020-07-22,0.0,0.0,0.0
2020-07-23,0.0,0.0,0.0
2020-07-24,0.0,0.0,0.0
2020-07-27,0.00428487189368458,0.0550449168215871,0.0005014796065437323
2020-07-28,0.0,0.0,0.0
2020-07-29,0.0,0.0,0.0
2020-07-30,0.0,0.0,0.0
2020-07-31,0.0,0.0,0.0
2020-08-03,0.007550704921081515,0.046607498444076884,0.08743631521489596
2020-08-04,0.0,0.0,0.0
2020-08-05,0.0,0.0,0.0
2020-08-06,0.0,0.0,0.0
2020-08-07,0.0,0.0,0.0
2020-08-10,0.005565337672173966,0.020223361744296946,0.12212016929937013
2020-08-11,0.0,0.0,0.0
2020-08-12,0.0,0.0,0.0
2020-08-13,0.0,0.0,0.0
2020-08-14,0.0,0.0,0.0
2020-08-17,0.005648912835138208,0.04643296210516161,0.042826719820991614
2020-08-18,0.0,0.0,0.0
2020-08-19,0.0,0.0,0.0
2020-08-20,0.0,0.0,0.0
2020-08-21,0.0,0.0,0.0
2020-08-24,0.009519427919955858,0.031167337960791,0.001050969451017028
2020-08-25,0.0,0.0,0.0
2020-08-26,0.0,0.0,0.0
2020-08-27,0.0,0.0,0.0
2020-08-28,0.0,0.0,0.0
2020-08-31,0.007010531820448959,0.04387514226248396,0.22320557256368667
2020-09-01,0.0,0.0,0.0
2020-09-02,0.0,0.0,0.0
2020-09-03,0.0,0.0,0.0
2020-09-04,0.0,0.0,0.0
2020-09-08,0.00751675609907098,0.03309614473502185,0.11086245924859063
2020-09-09,0.0,0.0,0.0
2020-09-10,0.0,0.0,0.0
2020-09-11,0.0,0.0,0.0
2020-09-14,0.008364383319854563,0.05872504184927883,0.02445879980053157
2020-09-15,0.0,0.0,0.0
2020-09-16,0.0,0.0,0.0
2020-09-17,0.0,0.0,0.0
2020-09-18,0.0,0.0,0.0
2020-09-21,0.0058032915755108355,0.03938069486915703,0.006380410497138601
2020-09-22,0.0,0.0,0.0
2020-09-23,0.0,0.0,0.0
2020-09-24,0.0,0.0,0.0
2020-09-25,0.0,0.0,0.0
2020-09-28,0.012874834015991765,0.05417235649579613,0.0019729151151077202
2020-09-29,0.0,0.0,0.0
2020-09-30,0.0,0.0,0.0
2020-10-01,0.0,0.0,0.0
2020-10-02,0.0,0.0,0.0
2020-10-05,0.006182615329981822,0.04527619937280594,0.010440364412231031
2020-10-06,0.0,0.0,0.0
2020-10-07,0.0,0.0,0.0
2020-10-08,0.0,0.0,0.0
2020-10-09,0.0,0.0,0.0
2020-10-12,0.004978628137149464,0.02743801954049712,0.009064324823252836
2020-10-13,0.0,0.0,0.0
2020-10-14,0.0,0.0,0.0
2020-10-15,0.0,0.0,0.0
2020-10-16,0.0,0.0,0.0
2020-10-19,0.0037024190109121585,0.016586609794289553,0.0012273553999698054
2020-10-20,0.0,0.0,0.0
2020-10-21,0.0,0.0,0.0
2020-10-22,0.0,0.0,0.0
2020-10-23,0.0,0.0,0.0
2020-10-26,0.0037366472279584326,0.044345810275060814,0.0011064524362460397
2020-10-27,0.0,0.0,0.0
2020-10-28,0.0,0.0,0.0
2020-10-29,0.0,0.0,0.0
2020-10-30,0.0,0.0,0.0
2020-11-02,0.007211590305745932,0.06704728557455512,0.02009446964866723
2020-11-03,0.0,0.0,0.0
2020-11-04,0.0,0.0,0.0
2020-11-05,0.0,0.0,0.0
2020-11-06,0.0,0.0,0.0
2020-11-09,0.012736520633627735,0.0382808573606677,0.012845475275046151
2020-11-10,0.0,0.0,0.0
2020-11-11,0.0,0.0,0.0
2020-11-12,0.0,0.0,0.0
2020-11-13,0.0,0.0,0.0
2020-11-16,0.017743230215216732,0.03047495824011398,0.00484241638641995
2020-11-17,0.0,0.0,0.0
2020-11-18,0.0,0.0,0.0
2020-11-19,0.0,0.0,0.0
2020-11-20,0.0,0.0,0.0
2020-11-23,0.00898851362684689,0.01354974862900873,0.004585504389464679
2020-11-24,0.0,0.0,0.0
2020-11-25,0.0,0.0,0.0
2020-11-27,0.0,0.0,0.0
2020-11-30,0.008782835640298005,0.017130919829312453,0.003043944911374419
2020-12-01,0.0,0.0,0.0
2020-12-02,0.0,0.0,0.0
2020-12-03,0.0,0.0,0.0
2020-12-04,0.0,0.0,0.0
2020-12-07,0.007253527470145869,0.09362517698865341,0.000291052833904502
2020-12-08,0.0,0.0,0.0
2020-12-09,0.0,0.0,0.0
2020-12-10,0.0,0.0,0.0
2020-12-11,0.0,0.0,0.0
2020-12-14,0.0031753217716936274,0.03546012895012372,0.0019022382662020577
2020-12-15,0.0,0.0,0.0
2020-12-16,0.0,0.0,0.0
2020-12-17,0.0,0.0,0.0
2020-12-18,0.0,0.0,0.0
2020-12-21,0.006669847040759472,0.009684426983544384,0.0033814860700518467
2020-12-22,0.0,0.0,0.0
2020-12-23,0.0,0.0,0.0
2020-12-24,0.0,0.0,0.0
2020-12-28,0.004179247226577053,0.050715404456907254,0.0038669198292593182
2020-12-29,0.0,0.0,0.0
2020-12-30,0.0,0.0,0.0
2020-12-31,0.0,0.0,0.0
2021-01-04,0.0035175835970914157,0.017399697633074,0.0037791077290076965
2021-01-05,0.0,0.0,0.0
2021-01-06,0.0,0.0,0.0
2021-01-07,0.0,0.0,0.0
2021-01-08,0.0,0.0,0.0
2021-01-11,0.013610815728862934,0.06355342710326045,0.0017767717116753193
2021-01-12,0.0,0.0,0.0
2021-01-13,0.0,0.0,0.0
2021-01-14,0.0,0.0,0.0
2021-01-15,0.0,0.0,0.0
2021-01-19,0.0063296982897982496,0.05527166831317684,0.0024938383547726
2021-01-20,0.0,0.0,0.0
2021-01-21,0.0,0.0,0.0
2021-01-22,0.0,0.0,0.0
2021-01-25,0.007016839482166103,0.037539882588232695,0.002639215511544436
2021-01-26,0.0,0.0,0.0
2021-01-27,0.0,0.0,0.0
2021-01-28,0.0,0.0,0.0
2021-01-29,0.0,0.0,0.0
2021-02-01,0.00901274750145855,0.06809073437879162,0.005791320437545147
2021-02-02,0.0,0.0,0.0
2021-02-03,0.0,0.0,0.0
2021-02-04,0.0,0.0,0.0
2021-02-05,0.0,0.0,0.0
2021-02-08,0.010392005557737671,0.037686945721663104,0.008788179537092333
2021-02-09,0.0,0.0,0.0
2021-02-10,0.0,0.0,0.0
2021-02-11,0.0,0.0,0.0
2021-02-12,0.0,0.0,0.0
2021-02-16,0.006929515407537008,0.03526537681695005,0.0005896857272605529
2021-02-17,0.0,0.0,0.0
2021-02-18,0.0,0.0,0.0
2021-02-19,0.0,0.0,0.0
2021-02-22,0.00785206959832211,0.037711848336073606,0.020039773918373013
2021-02-23,0.0,0.0,0.0
2021-02-24,0.0,0.0,0.0
2021-02-25,0.0,0.0,0.0
2021-02-26,0.0,0.0,0.0
2021-03-01,0.010342392827423205,0.0743181516795216,0.013920869596476641
2021-03-02,0.0,0.0,0.0
2021-03-03,0.0,0.0,0.0
2021-03-04,0.0,0.0,0.0
2021-03-05,0.0,0.0,0.0
2021-03-08,0.011694736019283898,0.02549997866839143,0.005884169547729292
2021-03-09,0.0,0.0,0.0
2021-03-10,0.0,0.0,0.0
2021-03-11,0.0,0.0,0.0
2021-03-12,0.0,0.0,0.0
2021-03-15,0.007488885604750722,0.07057302477878316,0.008803494799699543
2021-03-16,0.0,0.0,0.0
2021-03-17,0.0,0.0,0.0
2021-03-18,0.0,0.0,0.0
2021-03-19,0.0,0.0,0.0
2021-03-22,0.007152046032076795,0.03992393809131808,0.0010217613688452672
2021-03-23,0.0,0.0,0.0
2021-03-24,0.0,0.0,0.0
2021-03-25,0.0,0.0,0.0
2021-03-26,0.0,0.0,0.0
2021-03-29,0.005021238767521807,0.05111654251620435,0.006012092154493944
2021-03-30,0.0,0.0,0.0
2021-03-31,0.0,0.0,0.0
2021-04-01,0.0,0.0,0.0
2021-04-05,0.0039012337329848296,0.04250752518218791,0.0021929599626815365
2021-04-06,0.0,0.0,0.0
2021-04-07,0.0,0.0,0.0
2021-04-08,0.0,0.0,0.0
2021-04-09,0.0,0.0,0.0
2021-04-12,0.0072384387136854925,0.021609919161374,0.0056870027073873015
2021-04-13,0.0,0.0,0.0
2021-04-14,0.0,0.0,0.0
2021-04-15,0.0,0.0,0.0
2021-04-16,0.0,0.0,0.0
2021-04-19,0.005533162028024535,0.042047315089871896,0.005613564256623104
2021-04-20,0.0,0.0,0.0
2021-04-21,0.0,0.0,0.0
2021-04-22,0.0,0.0,0.0
2021-04-23,0.0,0.0,0.0
2021-04-26,0.003551925886930374,0.07122260650031859,0.0017952596565042498
2021-04-27,0.0,0.0,0.0
2021-04-28,0.0,0.0,0.0
2021-04-29,0.0,0.0,0.0
2021-04-30,0.0,0.0,0.0
2021-05-03,0.0058461513294953,0.02083667688442406,0.0009018570737683029
2021-05-04,0.0,0.0,0.0
2021-05-05,0.0,0.0,0.0
2021-05-06,0.0,0.0,0.0
2021-05-07,0.0,0.0,0.0
2021-05-10,0.012238741771879155,0.04667173661782287,0.019598219616298717
2021-05-11,0.0,0.0,0.0
2021-05-12,0.0,0.0,0.0
2021-05-13,0.0,0.0,0.0
2021-05-14,0.0,0.0,0.0
2021-05-17,0.004708863683777202,0.032543494051780454,0.01686348228065554
2021-05-18,0.0,0.0,0.0
2021-05-19,0.0,0.0,0.0
2021-05-20,0.0,0.0,0.0
2021-05-21,0.0,0.0,0.0
2021-05-24,0.004574009385921465,0.029004241985740614,0.01796365772944792
2021-05-25,0.0,0.0,0.0
2021-05-26,0.0,0.0,0.0
2021-05-27,0.0,0.0,0.0
2021-05-28,0.0,0.0,0.0
2021-06-01,0.005128374270376483,0.019355730415351893,0.013881589214542541
2021-06-02,0.0,0.0,0.0
2021-06-03,0.0,0.0,0.0
2021-06-04,0.0,0.0,0.0
2021-06-07,0.0064588724723140326,0.04080339163850883,0.023330787800833537
2021-06-08,0.0,0.0,0.0
2021-06-09,0.0,0.0,0.0
2021-06-10,0.0,0.0,0.0
2021-06-11,0.0,0.0,0.0
2021-06-14,0.00671063464714295,0.03312723617186296,0.001328930512471006
2021-06-15,0.0,0.0,0.0
2021-06-16,0.0,0.0,0.0
2021-06-17,0.0,0.0,0.0
2021-06-18,0.0,0.0,0.0
2021-06-21,0.01054079437872752,0.02879134182758453,0.0047291856215184395
2021-06-22,0.0,0.0,0.0
2021-06-23,0.0,0.0,0.0
2021-06-24,0.0,0.0,0.0
2021-06-25,0.0,0.0,0.0
2021-06-28,0.007286796545580086,0.0365780912871315,0.036443026657840154
2021-06-29,0.0,0.0,0.0
2021-06-30,0.0,0.0,0.0
2021-07-01,0.0,0.0,0.0
2021-07-02,0.0,0.0,0.0
2021-07-06,0.004729763650446195,0.012716329073234021,0.0336812396482693
2021-07-07,0.0,0.0,0.0
2021-07-08,0.0,0.0,0.0
2021-07-09,0.0,0.0,0.0
2021-07-12,0.003903227460460963,0.02136595705416626,0.0013246200183776977
2021-07-13,0.0,0.0,0.0
2021-07-14,0.0,0.0,0.0
2021-07-15,0.0,0.0,0.0
2021-07-16,0.0,0.0,0.0
2021-07-19,0.009576019997186005,0.029010389838327152,0.0019100627217138791
2021-07-20,0.0,0.0,0.0
2021-07-21,0.0,0.0,0.0
2021-07-22,0.0,0.0,0.0
2021-07-23,0.0,0.0,0.0
2021-07-26,0.00549982892355997,0.028041358369811864,0.0023987148117583052
2021-07-27,0.0,0.0,0.0
2021-07-28,0.0,0.0,0.0
2021-07-29,0.0,0.0,0.0
2021-07-30,0.0,0.0,0.0
2021-08-02,0.004255554903113523,0.026018391470569002,9.127024727428715e-05
2021-08-03,0.0,0.0,0.0
2021-08-04,0.0,0.0,0.0
2021-08-05,0.0,0.0,0.0
2021-08-06,0.0,0.0,0.0
2021-08-09,0.004589863904444151,0.016714627438606793,0.0017545390086032
2021-08-10,0.0,0.0,0.0
2021-08-11,0.0,0.0,0.0
2021-08-12,0.0,0.0,0.0
2021-08-13,0.0,0.0,0.0
2021-08-16,0.004617599937762042,0.028508836495466948,0.003062271072926204
2021-08-17,0.0,0.0,0.0
2021-08-18,0.0,0.0,0.0
2021-08-19,0.0,0.0,0.0
2021-08-20,0.0,0.0,0.0
2021-08-23,0.010847814426570596,0.03919472313659274,0.005922834707475106
2021-08-24,0.0,0.0,0.0
2021-08-25,0.0,0.0,0.0
2021-08-26,0.0,0.0,0.0
2021-08-27,0.0,0.0,0.0
2021-08-30,0.010381764680624253,0.030270111311087033,0.0017672021845823948
2021-08-31,0.0,0.0,0.0
2021-09-01,0.0,0.0,0.0
2021-09-02,0.0,0.0,0.0
2021-09-03,0.0,0.0,0.0
2021-09-07,0.00553239150399934,0.01624081241248431,0.0029944890025064264
2021-09-08,0.0,0.0,0.0
2021-09-09,0.0,0.0,0.0
2021-09-10,0.0,0.0,0.0
2021-09-13,0.002951288511309595,0.02667199956385482,0.003965691432993692
2021-09-14,0.0,0.0,0.0
2021-09-15,0.0,0.0,0.0
2021-09-16,0.0,0.0,0.0
2021-09-17,0.0,0.0,0.0
2021-09-20,0.006505323499846977,0.02451070731976506,0.002797802355806292
2021-09-21,0.0,0.0,0.0
2021-09-22,0.0,0.0,0.0
2021-09-23,0.0,0.0,0.0
2021-09-24,0.0,0.0,0.0
2021-09-27,0.005568741320281338,0.02413065583954329,0.00014410589352302847
2021-09-28,0.0,0.0,0.0
2021-09-29,0.0,0.0,0.0
2021-09-30,0.0,0.0,0.0
2021-10-01,0.0,0.0,0.0
2021-10-04,0.00894143367420968,0.03556791407957126,0.015368030695021889
2021-10-05,0.0,0.0,0.0
2021-10-06,0.0,0.0,0.0
2021-10-07,0.0,0.0,0.0
2021-10-08,0.0,0.0,0.0
2021-10-11,0.005025105687618818,0.027980842747415816,0.002473102273885895
2021-10-12,0.0,0.0,0.0
2021-10-13,0.0,0.0,0.0
2021-10-14,0.0,0.0,0.0
2021-10-15,0.0,0.0,0.0
2021-10-18,0.004614196206740445,0.022138803275467963,0.012901037445061858
2021-10-19,0.0,0.0,0.0
2021-10-20,0.0,0.0,0.0
2021-10-21,0.0,0.0,0.0
2021-10-22,0.0,0.0,0.0
2021-10-25,0.00389307075420995,0.07125837434792373,0.01701782786644912
2021-10-26,0.0,0.0,0.0
2021-10-27,0.0,0.0,0.0
2021-10-28,0.0,0.0,0.0
2021-10-29,0.0,0.0,0.0
2021-11-01,0.006198694363940271,0.06395399704666956,0.006581662588480341
2021-11-02,0.0,0.0,0.0
2021-11-03,0.0,0.0,0.0
2021-11-04,0.0,0.0,0.0
2021-11-05,0.0,0.0,0.0
2021-11-08,0.0074798376180399,0.047658283584629806,0.015466310853082758
2021-11-09,0.0,0.0,0.0
2021-11-10,0.0,0.0,0.0
2021-11-11,0.0,0.0,0.0
2021-11-12,0.0,0.0,0.0
2021-11-15,0.005168906021862776,0.043811068287393416,0.008391346153636577
2021-11-16,0.0,0.0,0.0
2021-11-17,0.0,0.0,0.0
2021-11-18,0.0,0.0,0.0
2021-11-19,0.0,0.0,0.0
2021-11-22,0.009355530736930108,0.04563233808028714,0.015408943772931226
2021-11-23,0.0,0.0,0.0
2021-11-24,0.0,0.0,0.0
2021-11-26,0.0,0.0,0.0
2021-11-29,0.006514441440089495,0.029381624433922844,0.031391325426602355
2021-11-30,0.0,0.0,0.0
2021-12-01,0.0,0.0,0.0
2021-12-02,0.0,0.0,0.0
2021-12-03,0.0,0.0,0.0
2021-12-06,0.0032985282435275542,0.038647971291363895,0.012168188971626078
2021-12-07,0.0,0.0,0.0
2021-12-08,0.0,0.0,0.0
2021-12-09,0.0,0.0,0.0
2021-12-10,0.0,0.0,0.0
2021-12-13,0.004479159782569832,0.03637869403338074,0.010223633410654897
2021-12-14,0.0,0.0,0.0
2021-12-15,0.0,0.0,0.0
2021-12-16,0.0,0.0,0.0
2021-12-17,0.0,0.0,0.0
2021-12-20,0.011357899388305663,0.06205052368244281,0.0027975203938547934
2021-12-21,0.0,0.0,0.0
2021-12-22,0.0,0.0,0.0
2021-12-23,0.0,0.0,0.0
2021-12-27,0.004919160406541501,0.03539168781125207,0.004640892367986685
2021-12-28,0.0,0.0,0.0
2021-12-29,0.0,0.0,0.0
2021-12-30,0.0,0.0,0.0
2021-12-31,0.0,0.0,0.0
2022-01-03,0.004090371879765381,0.028408619749346525,0.0036779228355313985
2022-01-04,0.0,0.0,0.0
2022-01-05,0.0,0.0,0.0
2022-01-06,0.0,0.0,0.0
2022-01-07,0.0,0.0,0.0
2022-01-10,0.016168431152946715,0.06739325032521308,0.004989502482457877
2022-01-11,0.0,0.0,0.0
2022-01-12,0.0,0.0,0.0
2022-01-13,0.0,0.0,0.0
2022-01-14,0.0,0.0,0.0
2022-01-18,0.0052408019146856916,0.00411271304422278,0.00099163797333393
2022-01-19,0.0,0.0,0.0
2022-01-20,0.0,0.0,0.0
2022-01-21,0.0,0.0,0.0
2022-01-24,0.011676511132298964,0.03822637938488013,0.009819061131886648
2022-01-25,0.0,0.0,0.0
2022-01-26,0.0,0.0,0.0
2022-01-27,0.0,0.0,0.0
2022-01-28,0.0,0.0,0.0
2022-01-31,0.007975754422641437,0.031010525402281136,0.007446208395270625
2022-02-01,0.0,0.0,0.0
2022-02-02,0.0,0.0,0.0
2022-02-03,0.0,0.0,0.0
2022-02-04,0.0,0.0,0.0
2022-02-07,0.0073028990699651256,0.06335394273957592,0.0028018693387656707
2022-02-08,0.0,0.0,0.0
2022-02-09,0.0,0.0,0.0
2022-02-10,0.0,0.0,0.0
2022-02-11,0.0,0.0,0.0
2022-02-14,0.005966472594394451,0.011179182005486413,0.0038186497154758534
2022-02-15,0.0,0.0,0.0
2022-02-16,0.0,0.0,0.0
2022-02-17,0.0,0.0,0.0
2022-02-18,0.0,0.0,0.0
2022-02-22,0.005088077175298723,0.03461801628775617,0.0013801629454707836
2022-02-23,0.0,0.0,0.0
2022-02-24,0.0,0.0,0.0
2022-02-25,0.0,0.0,0.0
2022-02-28,0.005023482201062815,0.03026887438424751,0.003824432881126776
2022-03-01,0.0,0.0,0.0
2022-03-02,0.0,0.0,0.0
2022-03-03,0.0,0.0,0.0
2022-03-04,0.0,0.0,0.0
2022-03-07,0.014583532370838155,0.04399048158100172,0.01739200039133732
2022-03-08,0.0,0.0,0.0
2022-03-09,0.0,0.0,0.0
2022-03-10,0.0,0.0,0.0
2022-03-11,0.0,0.0,0.0
2022-03-14,0.007866761231097835,0.053850653847482374,0.008699966772138319
2022-03-15,0.0,0.0,0.0
2022-03-16,0.0,0.0,0.0
2022-03-17,0.0,0.0,0.0
2022-03-18,0.0,0.0,0.0
2022-03-21,0.015416685245392074,0.03287140870927812,0.012731047003109905
2022-03-22,0.0,0.0,0.0
2022-03-23,0.0,0.0,0.0
2022-03-24,0.0,0.0,0.0
2022-03-25,0.0,0.0,0.0
2022-03-28,0.008388890526961484,0.02864114635399167,0.006194621095811859
2022-03-29,0.0,0.0,0.0
2022-03-30,0.0,0.0,0.0
2022-03-31,0.0,0.0,0.0
2022-04-01,0.0,0.0,0.0
2022-04-04,0.007849658522232378,0.02906913225784978,0.004015684705489551
2022-04-05,0.0,0.0,0.0
2022-04-06,0.0,0.0,0.0
2022-04-07,0.0,0.0,0.0
2022-04-08,0.0,0.0,0.0
2022-04-11,0.011202145358769927,0.041103070271071004,0.0034066543237667624
2022-04-12,0.0,0.0,0.0
2022-04-13,0.0,0.0,0.0
2022-04-14,0.0,0.0,0.0
2022-04-18,0.006795065223646646,0.04905139911621727,0.026967280752766422
2022-04-19,0.0,0.0,0.0
2022-04-20,0.0,0.0,0.0
2022-04-21,0.0,0.0,0.0
2022-04-22,0.0,0.0,0.0
2022-04-25,0.006115111231405977,0.027821261483071676,0.014660260517423914
2022-04-26,0.0,0.0,0.0
2022-04-27,0.0,0.0,0.0
2022-04-28,0.0,0.0,0.0
2022-04-29,0.0,0.0,0.0
2022-05-02,0.008671174015697197,0.0690290725061824,0.011308165750723045
2022-05-03,0.0,0.0,0.0
2022-05-04,0.0,0.0,0.0
2022-05-05,0.0,0.0,0.0
2022-05-06,0.0,0.0,0.0
2022-05-09,0.010180656324628695,0.015451120308140692,0.00997220392215488
2022-05-10,0.0,0.0,0.0
2022-05-11,0.0,0.0,0.0
2022-05-12,0.0,0.0,0.0
2022-05-13,0.0,0.0,0.0
2022-05-16,0.006520156068878763,0.022506204237839045,0.015515129673125396
2022-05-17,0.0,0.0,0.0
2022-05-18,0.0,0.0,0.0
2022-05-19,0.0,0.0,0.0
2022-05-20,0.0,0.0,0.0
2022-05-23,0.014485550636571004,0.09222203308398261,0.02203138738801638
2022-05-24,0.0,0.0,0.0
2022-05-25,0.0,0.0,0.0
2022-05-26,0.0,0.0,0.0
2022-05-27,0.0,0.0,0.0
2022-05-31,0.009163472117666077,0.05111311321446843,0.016643952005921208
2022-06-01,0.0,0.0,0.0
2022-06-02,0.0,0.0,0.0
2022-06-03,0.0,0.0,0.0
2022-06-06,0.004351798081955044,0.04789733786605546,0.007880292273267095
2022-06-07,0.0,0.0,0.0
2022-06-08,0.0,0.0,0.0
2022-06-09,0.0,0.0,0.0
2022-06-10,0.0,0.0,0.0
2022-06-13,0.009281712473003481,0.028379668744393984,0.013178442799051332
2022-06-14,0.0,0.0,0.0
2022-06-15,0.0,0.0,0.0
2022-06-16,0.0,0.0,0.0
2022-06-17,0.0,0.0,0.0
2022-06-21,0.01605883033719506,0.03029533007961371,0.015333891298096466
2022-06-22,0.0,0.0,0.0
2022-06-23,0.0,0.0,0.0
2022-06-24,0.0,0.0,0.0
2022-06-27,0.012985709739866312,0.03268376663916941,0.013419642798480468
2022-06-28,0.0,0.0,0.0
2022-06-29,0.0,0.0,0.0
2022-06-30,0.0,0.0,0.0
2022-07-01,0.0,0.0,0.0
2022-07-05,0.010797644697563585,0.03275770309528408,0.06369965378662572
2022-07-06,0.0,0.0,0.0
2022-07-07,0.0,0.0,0.0
2022-07-08,0.0,0.0,0.0
2022-07-11,0.009215835113811209,0.022657573206910003,0.02082931294671317
2022-07-12,0.0,0.0,0.0
2022-07-13,0.0,0.0,0.0
2022-07-14,0.0,0.0,0.0
2022-07-15,0.0,0.0,0.0
2022-07-18,0.0035635237608456077,0.02131684469437896,0.0002856751845618891
2022-07-19,0.0,0.0,0.0
2022-07-20,0.0,0.0,0.0
2022-07-21,0.0,0.0,0.0
2022-07-22,0.0,0.0,0.0
2022-07-25,0.010026014351042521,0.016056873338218758,0.0004026531274188366
2022-07-26,0.0,0.0,0.0
2022-07-27,0.0,0.0,0.0
2022-07-28,0.0,0.0,0.0
2022-07-29,0.0,0.0,0.0
2022-08-01,0.010440972265209833,0.023857432623159064,0.006963328714657284
2022-08-02,0.0,0.0,0.0
2022-08-03,0.0,0.0,0.0
2022-08-04,0.0,0.0,0.0
2022-08-05,0.0,0.0,0.0
2022-08-08,0.007244738334485641,0.047128760894951834,0.0021529221666621904
2022-08-09,0.0,0.0,0.0
2022-08-10,0.0,0.0,0.0
2022-08-11,0.0,0.0,0.0
2022-08-12,0.0,0.0,0.0
2022-08-15,0.008080107509079067,0.01364248787365588,0.00423677614711236
2022-08-16,0.0,0.0,0.0
2022-08-17,0.0,0.0,0.0
2022-08-18,0.0,0.0,0.0
2022-08-19,0.0,0.0,0.0
2022-08-22,0.006125780273969296,0.011849637315443048,0.002182021733951526
2022-08-23,0.0,0.0,0.0
2022-08-24,0.0,0.0,0.0
2022-08-25,0.0,0.0,0.0
2022-08-26,0.0,0.0,0.0
2022-08-29,0.010378539573292385,0.02321232148449607,0.015769513025647004
2022-08-30,0.0,0.0,0.0
2022-08-31,0.0,0.0,0.0
2022-09-01,0.0,0.0,0.0
2022-09-02,0.0,0.0,0.0
2022-09-06,0.005955619336555341,0.030414424304682882,0.0062703719848277994
2022-09-07,0.0,0.0,0.0
2022-09-08,0.0,0.0,0.0
2022-09-09,0.0,0.0,0.0
2022-09-12,0.007053945684660293,0.013005586936909144,0.007420367867934949
2022-09-13,0.0,0.0,0.0
2022-09-14,0.0,0.0,0.0
2022-09-15,0.0,0.0,0.0
2022-09-16,0.0,0.0,0.0
2022-09-19,0.007548375269706503,0.016798035166333956,0.00777840512642978
2022-09-20,0.0,0.0,0.0
2022-09-21,0.0,0.0,0.0
2022-09-22,0.0,0.0,0.0
2022-09-23,0.0,0.0,0.0
2022-09-26,0.010161643747436298,0.010646716341204248,0.005863439935812434
2022-09-27,0.0,0.0,0.0
2022-09-28,0.0,0.0,0.0
2022-09-29,0.0,0.0,0.0
2022-09-30,0.0,0.0,0.0
2022-10-03,0.010091542135132754,0.04184741678376534,0.017484112624982173
2022-10-04,0.0,0.0,0.0
2022-10-05,0.0,0.0,0.0
2022-10-06,0.0,0.0,0.0
2022-10-07,0.0,0.0,0.0
2022-10-10,0.01263109187670379,0.01579738875683984,0.03722607647522246
2022-10-11,0.0,0.0,0.0
2022-10-12,0.0,0.0,0.0
2022-10-13,0.0,0.0,0.0
2022-10-14,0.0,0.0,0.0
2022-10-17,0.007883384280735345,0.03574247987524439,0.04321978992476982
2022-10-18,0.0,0.0,0.0
2022-10-19,0.0,0.0,0.0
2022-10-20,0.0,0.0,0.0
2022-10-21,0.0,0.0,0.0
2022-10-24,0.009980555258607929,0.009841120229760941,0.01501651045026453
2022-10-25,0.0,0.0,0.0
2022-10-26,0.0,0.0,0.0
2022-10-27,0.0,0.0,0.0
2022-10-28,0.0,0.0,0.0
2022-10-31,0.008768855305012653,0.033540477670609276,0.012236652237079797
2022-11-01,0.0,0.0,0.0
2022-11-02,0.0,0.0,0.0
2022-11-03,0.0,0.0,0.0
2022-11-04,0.0,0.0,0.0
2022-11-07,0.010060281266868358,0.005173890712069681,0.012638481181834497
2022-11-08,0.0,0.0,0.0
2022-11-09,0.0,0.0,0.0
2022-11-10,0.0,0.0,0.0
2022-11-11,0.0,0.0,0.0
2022-11-14,0.012297400116125158,0.01842860471737984,0.003896773209215912
2022-11-15,0.0,0.0,0.0
2022-11-16,0.0,0.0,0.0
2022-11-17,0.0,0.0,0.0
2022-11-18,0.0,0.0,0.0
2022-11-21,0.005857693312985156,0.01614547949219934,0.002935463368755234
2022-11-22,0.0,0.0,0.0
2022-11-23,0.0,0.0,0.0
2022-11-25,0.0,0.0,0.0
2022-11-28,0.0039022254543404425,0.019702465263556526,0.0041759030466168405
2022-11-29,0.0,0.0,0.0
2022-11-30,0.0,0.0,0.0
2022-12-01,0.0,0.0,0.0
2022-12-02,0.0,0.0,0.0
2022-12-05,0.004722431288725369,0.01898521559052666,0.0014218345649928965
2022-12-06,0.0,0.0,0.0
2022-12-07,0.0,0.0,0.0
2022-12-08,0.0,0.0,0.0
2022-12-09,0.0,0.0,0.0
2022-12-12,0.00889266536601685,0.012936118276968573,0.005007034567330992
2022-12-13,0.0,0.0,0.0
2022-12-14,0.0,0.0,0.0
2022-12-15,0.0,0.0,0.0
2022-12-16,0.0,0.0,0.0
2022-12-19,0.006421841517119976,0.017944672434871436,0.0035233450750831313
2022-12-20,0.0,0.0,0.0
2022-12-21,0.0,0.0,0.0
2022-12-22,0.0,0.0,0.0
2022-12-23,0.0,0.0,0.0
2022-12-27,0.0070539043168278345,0.010304220817082009,0.00360647723397357
2022-12-28,0.0,0.0,0.0
2022-12-29,0.0,0.0,0.0
2022-12-30,0.0,0.0,0.0
2023-01-03,0.0018399116848008268,0.00955049192473368,0.0006444279530242324
2023-01-04,0.0,0.0,0.0
2023-01-05,0.0,0.0,0.0
2023-01-06,0.0,0.0,0.0
2023-01-09,0.0060209871975325235,0.020621913708720165,0.0008617950416843518
2023-01-10,0.0,0.0,0.0
2023-01-11,0.0,0.0,0.0
2023-01-12,0.0,0.0,0.0
2023-01-13,0.0,0.0,0.0
2023-01-17,0.00924344442472496,0.012639111863362699,0.0013000913769993226
2023-01-18,0.0,0.0,0.0
2023-01-19,0.0,0.0,0.0
2023-01-20,0.0,0.0,0.0
2023-01-23,0.006281202704102103,0.018996431705044774,0.0049389956585946995
2023-01-24,0.0,0.0,0.0
2023-01-25,0.0,0.0,0.0
2023-01-26,0.0,0.0,0.0
2023-01-27,0.0,0.0,0.0
2023-01-30,0.008758933797451844,0.0067672215022799714,0.001663075446062826
2023-01-31,0.0,0.0,0.0
2023-02-01,0.0,0.0,0.0
2023-02-02,0.0,0.0,0.0
2023-02-03,0.0,0.0,0.0
2023-02-06,0.008397702925689567,0.0011252054731567575,0.045054329514695804
2023-02-07,0.0,0.0,0.0
2023-02-08,0.0,0.0,0.0
2023-02-09,0.0,0.0,0.0
2023-02-10,0.0,0.0,0.0
2023-02-13,0.005228253826275002,0.008213360340435377,0.007387705407819473
2023-02-14,0.0,0.0,0.0
2023-02-15,0.0,0.0,0.0
2023-02-16,0.0,0.0,0.0
2023-02-17,0.0,0.0,0.0
2023-02-21,0.006535466166212957,0.005907818406843096,0.0022156276478124183
2023-02-22,0.0,0.0,0.0
2023-02-23,0.0,0.0,0.0
2023-02-24,0.0,0.0,0.0
2023-02-27,0.006040050856850818,0.022926177218413068,0.002761395076379136
2023-02-28,0.0,0.0,0.0
2023-03-01,0.0,0.0,0.0
2023-03-02,0.0,0.0,0.0
2023-03-03,0.0,0.0,0.0
2023-03-06,0.007213736046208542,0.009027250471504718,0.0016200775620508804
2023-03-07,0.0,0.0,0.0
2023-03-08,0.0,0.0,0.0
2023-03-09,0.0,0.0,0.0
2023-03-10,0.0,0.0,0.0
2023-03-13,0.010582926611202019,0.04251529306503804,0.00929034162049411
2023-03-14,0.0,0.0,0.0
2023-03-15,0.0,0.0,0.0
2023-03-16,0.0,0.0,0.0
2023-03-17,0.0,0.0,0.0
2023-03-20,0.017562373064862198,0.06264376527413137,0.0038344568249231766
2023-03-21,0.0,0.0,0.0
2023-03-22,0.0,0.0,0.0
2023-03-23,0.0,0.0,0.0
2023-03-24,0.0,0.0,0.0
2023-03-27,0.004365236567740058,0.032569864823074716,0.0033827312530689867
2023-03-28,0.0,0.0,0.0
2023-03-29,0.0,0.0,0.0
2023-03-30,0.0,0.0,0.0
2023-03-31,0.0,0.0,0.0
2023-04-03,0.007233203962868501,0.052984295122201,0.07982816334070907
2023-04-04,0.0,0.0,0.0
2023-04-05,0.0,0.0,0.0
2023-04-06,0.0,0.0,0.0
2023-04-10,0.009842068893538357,0.0671992365080359,0.002731652932993203
2023-04-11,0.0,0.0,0.0
2023-04-12,0.0,0.0,0.0
2023-04-13,0.0,0.0,0.0
2023-04-14,0.0,0.0,0.0
2023-04-17,0.005948959178327808,0.0085831765850981,0.0026509110877721634
2023-04-18,0.0,0.0,0.0
2023-04-19,0.0,0.0,0.0
2023-04-20,0.0,0.0,0.0
2023-04-21,0.0,0.0,0.0
2023-04-24,0.004384286461526013,0.07467229929885733,4.070667929383764e-05
2023-04-25,0.0,0.0,0.0
2023-04-26,0.0,0.0,0.0
2023-04-27,0.0,0.0,0.0
2023-04-28,0.0,0.0,0.0
2023-05-01,0.003220456006240914,0.03466595555611182,0.0013817529704590464
2023-05-02,0.0,0.0,0.0
2023-05-03,0.0,0.0,0.0
2023-05-04,0.0,0.0,0.0
2023-05-05,0.0,0.0,0.0
2023-05-08,0.00645383786078995,0.03165555748684135,0.004489605667501684
2023-05-09,0.0,0.0,0.0
2023-05-10,0.0,0.0,0.0
2023-05-11,0.0,0.0,0.0
2023-05-12,0.0,0.0,0.0
2023-05-15,0.0038380810669708526,0.01663081032912537,0.001712924433766665
2023-05-16,0.0,0.0,0.0
2023-05-17,0.0,0.0,0.0
2023-05-18,0.0,0.0,0.0
2023-05-19,0.0,0.0,0.0
2023-05-22,0.009090229393507225,0.022461473837340824,0.02189147740916727
2023-05-23,0.0,0.0,0.0
2023-05-24,0.0,0.0,0.0
2023-05-25,0.0,0.0,0.0
2023-05-26,0.0,0.0,0.0
2023-05-30,0.007907366604850086,0.032158302944789316,0.05348868577193076
2023-05-31,0.0,0.0,0.0
2023-06-01,0.0,0.0,0.0
2023-06-02,0.0,0.0,0.0
2023-06-05,0.004616002366791418,0.020832199479112218,0.0017209220964885005
2023-06-06,0.0,0.0,0.0
2023-06-07,0.0,0.0,0.0
2023-06-08,0.0,0.0,0.0
2023-06-09,0.0,0.0,0.0
2023-06-12,0.00478069382564994,0.035529822079431485,0.0001492867132152021
2023-06-13,0.0,0.0,0.0
2023-06-14,0.0,0.0,0.0
2023-06-15,0.0,0.0,0.0
2023-06-16,0.0,0.0,0.0
2023-06-20,0.0062556849100705095,0.02891730541266309,1.1102230246251565e-16
2023-06-21,0.0,0.0,0.0
2023-06-22,0.0,0.0,0.0
2023-06-23,0.0,0.0,0.0
2023-06-26,0.00544806990134248,0.019513255425764438,3.122502256758253e-17
2023-06-27,0.0,0.0,0.0
2023-06-28,0.0,0.0,0.0
2023-06-29,0.0,0.0,0.0
2023-06-30,0.0,0.0,0.0
2023-07-03,0.00751886319672064,0.023135660828663317,5.551115123125783e-17
2023-07-05,0.0,0.0,0.0
2023-07-06,0.0,0.0,0.0
2023-07-07,0.0,0.0,0.0
2023-07-10,0.003559523638201542,0.05233195095389027,0.0013387960866969755
2023-07-11,0.0,0.0,0.0
2023-07-12,0.0,0.0,0.0
2023-07-13,0.0,0.0,0.0
2023-07-14,0.0,0.0,0.0
2023-07-17,0.003394632133705923,0.05336893123714803,0.004897908661625913
2023-07-18,0.0,0.0,0.0
2023-07-19,0.0,0.0,0.0
2023-07-20,0.0,0.0,0.0
2023-07-21,0.0,0.0,0.0
2023-07-24,0.007340325924360666,0.03012785964091552,0.011652305373082672
2023-07-25,0.0,0.0,0.0
2023-07-26,0.0,0.0,0.0
2023-07-27,0.0,0.0,0.0
2023-07-28,0.0,0.0,0.0
2023-07-31,0.004581251543285543,0.020232592839503898,0.003137586711024769
2023-08-01,0.0,0.0,0.0
2023-08-02,0.0,0.0,0.0
2023-08-03,0.0,0.0,0.0
2023-08-04,0.0,0.0,0.0
2023-08-07,0.00649917369389643,0.034265938931922625,0.008924217211185333
2023-08-08,0.0,0.0,0.0
2023-08-09,0.0,0.0,0.0
2023-08-10,0.0,0.0,0.0
2023-08-11,0.0,0.0,0.0
2023-08-14,0.006211477918429541,0.07159479767265041,0.056189262599721075
2023-08-15,0.0,0.0,0.0
2023-08-16,0.0,0.0,0.0
2023-08-17,0.0,0.0,0.0
2023-08-18,0.0,0.0,0.0
2023-08-21,0.004270572922914648,0.013285361896069981,0.0014799313568165068
2023-08-22,0.0,0.0,0.0
2023-08-23,0.0,0.0,0.0
2023-08-24,0.0,0.0,0.0
2023-08-25,0.0,0.0,0.0
2023-08-28,0.0033546967967004737,0.0356104498097715,0.012567430786023792
2023-08-29,0.0,0.0,0.0
2023-08-30,0.0,0.0,0.0
2023-08-31,0.0,0.0,0.0
2023-09-01,0.0,0.0,0.0
2023-09-05,0.00834901135478798,0.018450284724041557,0.04630266468995032
2023-09-06,0.0,0.0,0.0
2023-09-07,0.0,0.0,0.0
2023-09-08,0.0,0.0,0.0
2023-09-11,0.005329311137816352,0.028927305871171597,0.0062177271946977294
2023-09-12,0.0,0.0,0.0
2023-09-13,0.0,0.0,0.0
2023-09-14,0.0,0.0,0.0
2023-09-15,0.0,0.0,0.0
2023-09-18,0.005119331839613057,0.024978151166916797,0.0006179755903558196
2023-09-19,0.0,0.0,0.0
2023-09-20,0.0,0.0,0.0
2023-09-21,0.0,0.0,0.0
2023-09-22,0.0,0.0,0.0
2023-09-25,0.00553975834771335,0.015965858704463924,0.0049728565984043255
2023-09-26,0.0,0.0,0.0
2023-09-27,0.0,0.0,0.0
2023-09-28,0.0,0.0,0.0
2023-09-29,0.0,0.0,0.0
2023-10-02,0.007214721629553153,0.0251292535918473,0.005775950314961335
2023-10-03,0.0,0.0,0.0
2023-10-04,0.0,0.0,0.0
2023-10-05,0.0,0.0,0.0
2023-10-06,0.0,0.0,0.0
2023-10-09,0.008381294055333284,0.04921719347768779,0.05672930239412807
2023-10-10,0.0,0.0,0.0
2023-10-11,0.0,0.0,0.0
2023-10-12,0.0,0.0,0.0
2023-10-13,0.0,0.0,0.0
2023-10-16,0.006345022511803418,0.015816379768455263,0.07813012441988308
2023-10-17,0.0,0.0,0.0
2023-10-18,0.0,0.0,0.0
2023-10-19,0.0,0.0,0.0
2023-10-20,0.0,0.0,0.0
2023-10-23,0.007458308604593643,0.017534696718843154,0.005956619716961846
2023-10-24,0.0,0.0,0.0
2023-10-25,0.0,0.0,0.0
2023-10-26,0.0,0.0,0.0
2023-10-27,0.0,0.0,0.0
2023-10-30,0.007675117097699705,0.07231501810320898,0.027506384999160374
2023-10-31,0.0,0.0,0.0
2023-11-01,0.0,0.0,0.0
2023-11-02,0.0,0.0,0.0
2023-11-03,0.0,0.0,0.0
2023-11-06,0.008618617090307493,0.026170732737597333,0.007845019286745518
2023-11-07,0.0,0.0,0.0
2023-11-08,0.0,0.0,0.0
2023-11-09,0.0,0.0,0.0
2023-11-10,0.0,0.0,0.0
2023-11-13,0.008074032136035442,0.059191025136722836,0.00046613412033475485
2023-11-14,0.0,0.0,0.0
2023-11-15,0.0,0.0,0.0
2023-11-16,0.0,0.0,0.0
2023-11-17,0.0,0.0,0.0
2023-11-20,0.005263533696946404,0.05867220997923378,0.0072009896116173935
2023-11-21,0.0,0.0,0.0
2023-11-22,0.0,0.0,0.0
2023-11-24,0.0,0.0,0.0
2023-11-27,0.002125214531759373,0.02614256705650856,0.07227963105979296
2023-11-28,0.0,0.0,0.0
2023-11-29,0.0,0.0,0.0
2023-11-30,0.0,0.0,0.0
2023-12-01,0.0,0.0,0.0
2023-12-04,0.003699836964791023,0.01329326374478668,0.014111352767085913
2023-12-05,0.0,0.0,0.0
2023-12-06,0.0,0.0,0.0
2023-12-07,0.0,0.0,0.0
2023-12-08,0.0,0.0,0.0
2023-12-11,0.004849602383672429,0.012655319202118435,0.018266438255572455
2023-12-12,0.0,0.0,0.0
2023-12-13,0.0,0.0,0.0
2023-12-14,0.0,0.0,0.0
2023-12-15,0.0,0.0,0.0
2023-12-18,0.004971476800818185,0.010080352841395395,0.044318662685578505
2023-12-19,0.0,0.0,0.0
2023-12-20,0.0,0.0,0.0
2023-12-21,0.0,0.0,0.0
2023-12-22,0.0,0.0,0.0
2023-12-26,0.002555962709487769,0.013485783069040885,0.018227055315812382
2023-12-27,0.0,0.0,0.0
2023-12-28,0.0,0.0,0.0
2023-12-29,0.0,0.0,0.0
2024-01-02,0.0030828901992942873,0.014866543129368578,0.010669639826811945
2024-01-03,0.0,0.0,0.0
2024-01-04,0.0,0.0,0.0
2024-01-05,0.0,0.0,0.0
2024-01-08,0.008966970956333586,0.011222959100837862,0.026224289213072488
2024-01-09,0.0,0.0,0.0
2024-01-10,0.0,0.0,0.0
2024-01-11,0.0,0.0,0.0
2024-01-12,0.0,0.0,0.0
2024-01-16,0.006774873759054313,0.085756870091449,0.02509432056288208
2024-01-17,0.0,0.0,0.0
2024-01-18,0.0,0.0,0.0
2024-01-19,0.0,0.0,0.0
2024-01-22,0.00775595129907556,0.027207469124873675,0.04099488422218571
2024-01-23,0.0,0.0,0.0
2024-01-24,0.0,0.0,0.0
2024-01-25,0.0,0.0,0.0
2024-01-26,0.0,0.0,0.0
2024-01-29,0.005322016603578922,0.03130182764432419,0.008574146011086164
2024-01-30,0.0,0.0,0.0
2024-01-31,0.0,0.0,0.0
2024-02-01,0.0,0.0,0.0
2024-02-02,0.0,0.0,0.0
2024-02-05,0.004923233552908614,0.0168589239050412,0.02803440643968738
2024-02-06,0.0,0.0,0.0
2024-02-07,0.0,0.0,0.0
2024-02-08,0.0,0.0,0.0
2024-02-09,0.0,0.0,0.0
2024-02-12,0.005473668910795072,0.07344147764369041,0.04796906779175625
2024-02-13,0.0,0.0,0.0
2024-02-14,0.0,0.0,0.0
2024-02-15,0.0,0.0,0.0
2024-02-16,0.0,0.0,0.0
2024-02-20,0.005821748375672016,0.02317722686328483,1.7242691337062937e-05
2024-02-21,0.0,0.0,0.0
2024-02-22,0.0,0.0,0.0
2024-02-23,0.0,0.0,0.0
2024-02-26,0.0023804828735033076,0.013797022843855828,0.0019754928043218276
2024-02-27,0.0,0.0,0.0
2024-02-28,0.0,0.0,0.0
2024-02-29,0.0,0.0,0.0
2024-03-01,0.0,0.0,0.0
2024-03-04,0.004997274939042395,0.04025871675282974,0.014492639083356566
2024-03-05,0.0,0.0,0.0
2024-03-06,0.0,0.0,0.0
2024-03-07,0.0,0.0,0.0
2024-03-08,0.0,0.0,0.0
2024-03-11,0.0057134948152302925,0.03925550654674875,0.02067971399490794
2024-03-12,0.0,0.0,0.0
2024-03-13,0.0,0.0,0.0
2024-03-14,0.0,0.0,0.0
2024-03-15,0.0,0.0,0.0
2024-03-18,0.005357663010264246,0.02647655369650364,2.9375084793543893e-05
2024-03-19,0.0,0.0,0.0
2024-03-20,0.0,0.0,0.0
2024-03-21,0.0,0.0,0.0
2024-03-22,0.0,0.0,0.0
2024-03-25,0.003735759461750754,0.03265566057267967,0.041115559574321586
2024-03-26,0.0,0.0,0.0
2024-03-27,0.0,0.0,0.0
2024-03-28,0.0,0.0,0.0
2024-04-01,0.004188547048664885,0.036501916680481826,0.034777100804417586
2024-04-02,0.0,0.0,0.0
2024-04-03,0.0,0.0,0.0
2024-04-04,0.0,0.0,0.0
2024-04-05,0.0,0.0,0.0
2024-04-08,0.006689261221485596,0.015039915276251571,1.754489115328822e-08
2024-04-09,0.0,0.0,0.0
2024-04-10,0.0,0.0,0.0
2024-04-11,0.0,0.0,0.0
2024-04-12,0.0,0.0,0.0
2024-04-15,0.00482219540074192,0.03209348637077904,0.006113551281371294
2024-04-16,0.0,0.0,0.0
2024-04-17,0.0,0.0,0.0
2024-04-18,0.0,0.0,0.0
2024-04-19,0.0,0.0,0.0
2024-04-22,0.009507805722520357,0.053045999055326205,0.014476239787544884
2024-04-23,0.0,0.0,0.0
2024-04-24,0.0,0.0,0.0
2024-04-25,0.0,0.0,0.0
2024-04-26,0.0,0.0,0.0
2024-04-29,0.004608960471141607,0.0535393920154081,0.03317511795645575
2024-04-30,0.0,0.0,0.0
2024-05-01,0.0,0.0,0.0
2024-05-02,0.0,0.0,0.0
2024-05-03,0.0,0.0,0.0
2024-05-06,0.005222105447074271,0.047763780605213996,0.002227588976405245
2024-05-07,0.0,0.0,0.0
2024-05-08,0.0,0.0,0.0
2024-05-09,0.0,0.0,0.0
2024-05-10,0.0,0.0,0.0
2024-05-13,0.004771671617870649,0.024039584337582937,0.0019555197843784617
2024-05-14,0.0,0.0,0.0
2024-05-15,0.0,0.0,0.0
2024-05-16,0.0,0.0,0.0
2024-05-17,0.0,0.0,0.0
2024-05-20,0.003911100807775923,0.028717314158197768,0.009921998788483148
2024-05-21,0.0,0.0,0.0
2024-05-22,0.0,0.0,0.0
2024-05-23,0.0,0.0,0.0
2024-05-24,0.0,0.0,0.0
2024-05-28,0.0046371538221189265,0.015813126879860615,2.478288135336052e-05
2024-05-29,0.0,0.0,0.0
2024-05-30,0.0,0.0,0.0
2024-05-31,0.0,0.0,0.0
2024-06-03,0.003941939140854368,0.02182331150293477,5.9407491645563174e-06
2024-06-04,0.0,0.0,0.0
2024-06-05,0.0,0.0,0.0
2024-06-06,0.0,0.0,0.0
2024-06-07,0.0,0.0,0.0
2024-06-10,0.008329129054708437,0.05748801234411433,0.015419567887636768
2024-06-11,0.0,0.0,0.0
2024-06-12,0.0,0.0,0.0
2024-06-13,0.0,0.0,0.0
2024-06-14,0.0,0.0,0.0
2024-06-17,0.006779689994036012,0.040128172055840024,0.011958166047238983
2024-06-18,0.0,0.0,0.0
2024-06-20,0.0,0.0,0.0
2024-06-21,0.0,0.0,0.0
2024-06-24,0.0037193792042073334,0.04240878199256015,0.020810149361830513
2024-06-25,0.0,0.0,0.0
2024-06-26,0.0,0.0,0.0
2024-06-27,0.0,0.0,0.0
2024-06-28,0.0,0.0,0.0
2024-07-01,0.003156081719450192,0.00805153357347186,0.0030869533443941533
2024-07-02,0.0,0.0,0.0
2024-07-03,0.0,0.0,0.0
2024-07-05,0.0,0.0,0.0
2024-07-08,0.00610125314962235,0.0447528674283577,0.006604785874990728
2024-07-09,0.0,0.0,0.0
2024-07-10,0.0,0.0,0.0
2024-07-11,0.0,0.0,0.0
2024-07-12,0.0,0.0,0.0
2024-07-15,0.00568594931344666,0.047669848217702385,0.0024953552725922763
2024-07-16,0.0,0.0,0.0
2024-07-17,0.0,0.0,0.0
2024-07-18,0.0,0.0,0.0
2024-07-19,0.0,0.0,0.0
2024-07-22,0.007501506848545142,0.039056172166638856,0.07781803375224597
2024-07-23,0.0,0.0,0.0
2024-07-24,0.0,0.0,0.0
2024-07-25,0.0,0.0,0.0
2024-07-26,0.0,0.0,0.0
2024-07-29,0.005756538496159265,0.01699376674716393,0.010644629077624807
2024-07-30,0.0,0.0,0.0
2024-07-31,0.0,0.0,0.0
2024-08-01,0.0,0.0,0.0
2024-08-02,0.0,0.0,0.0
2024-08-05,0.012416862042416578,0.02957599328439739,0.008372150518658243
2024-08-06,0.0,0.0,0.0
2024-08-07,0.0,0.0,0.0
2024-08-08,0.0,0.0,0.0
2024-08-09,0.0,0.0,0.0
2024-08-12,0.003978423638258934,0.05012027618791716,0.0056119189967342425
2024-08-13,0.0,0.0,0.0
2024-08-14,0.0,0.0,0.0
2024-08-15,0.0,0.0,0.0
2024-08-16,0.0,0.0,0.0
2024-08-19,0.007813583902068946,0.029288656329214537,0.14477958013604467
2024-08-20,0.0,0.0,0.0
2024-08-21,0.0,0.0,0.0
2024-08-22,0.0,0.0,0.0
2024-08-23,0.0,0.0,0.0
2024-08-26,0.002986315095904732,0.028153001669551758,0.04521200885824603
2024-08-27,0.0,0.0,0.0
2024-08-28,0.0,0.0,0.0
2024-08-29,0.0,0.0,0.0
2024-08-30,0.0,0.0,0.0
2024-09-03,0.004518354375602461,0.03368993801297446,0.007884276253888899
2024-09-04,0.0,0.0,0.0
2024-09-05,0.0,0.0,0.0
2024-09-06,0.0,0.0,0.0
2024-09-09,0.010981981332172278,0.04088938115611139,0.07999914650965953
2024-09-10,0.0,0.0,0.0
2024-09-11,0.0,0.0,0.0
2024-09-12,0.0,0.0,0.0
2024-09-13,0.0,0.0,0.0
2024-09-16,0.010284582605305383,0.029731418505737885,0.004523265295440274
2024-09-17,0.0,0.0,0.0
2024-09-18,0.0,0.0,0.0
2024-09-19,0.0,0.0,0.0
2024-09-20,0.0,0.0,0.0
2024-09-23,0.005846361406849153,0.05972341433364857,0.029588339353129392
2024-09-24,0.0,0.0,0.0
2024-09-25,0.0,0.0,0.0
2024-09-26,0.0,0.0,0.0
2024-09-27,0.0,0.0,0.0
2024-09-30,0.005982675507849679,0.03620963269179027,0.030435703875372335
2024-10-01,0.0,0.0,0.0
2024-10-02,0.0,0.0,0.0
2024-10-03,0.0,0.0,0.0
2024-10-04,0.0,0.0,0.0
2024-10-07,0.008284117366103627,0.04544433781122323,0.01427641844662521
2024-10-08,0.0,0.0,0.0
2024-10-09,0.0,0.0,0.0
2024-10-10,0.0,0.0,0.0
2024-10-11,0.0,0.0,0.0
2024-10-14,0.006079178472444581,0.05544039225685361,0.004503383347625928
2024-10-15,0.0,0.0,0.0
2024-10-16,0.0,0.0,0.0
2024-10-17,0.0,0.0,0.0
2024-10-18,0.0,0.0,0.0
2024-10-21,0.006095013673594024,0.024776141679159914,0.001965161944895129
2024-10-22,0.0,0.0,0.0
2024-10-23,0.0,0.0,0.0
2024-10-24,0.0,0.0,0.0
2024-10-25,0.0,0.0,0.0
2024-10-28,0.005895176222283846,0.06506414968838288,0.031819327545501985
2024-10-29,0.0,0.0,0.0
2024-10-30,0.0,0.0,0.0
2024-10-31,0.0,0.0,0.0
2024-11-01,0.0,0.0,0.0
2024-11-04,0.004088571140022257,0.025723504505695525,0.0036670934016328864
2024-11-05,0.0,0.0,0.0
2024-11-06,0.0,0.0,0.0
2024-11-07,0.0,0.0,0.0
2024-11-08,0.0,0.0,0.0
2024-11-11,0.012601856446988365,0.07750003718701551,0.048446623373489844
2024-11-12,0.0,0.0,0.0
2024-11-13,0.0,0.0,0.0
2024-11-14,0.0,0.0,0.0
2024-11-15,0.0,0.0,0.0
2024-11-18,0.009125818376736823,0.07519914472746576,0.05780430636920364
2024-11-19,0.0,0.0,0.0
2024-11-20,0.0,0.0,0.0
2024-11-21,0.0,0.0,0.0
2024-11-22,0.0,0.0,0.0
2024-11-25,0.0029207433100069333,0.04413017172401544,0.017562713890399723
2024-11-26,0.0,0.0,0.0
2024-11-27,0.0,0.0,0.0
2024-11-29,0.0,0.0,0.0
2024-12-02,0.004263945311149327,0.03706358997075622,2.2646392804162515e-06
2024-12-03,0.0,0.0,0.0
2024-12-04,0.0,0.0,0.0
2024-12-05,0.0,0.0,0.0
2024-12-06,0.0,0.0,0.0
2024-12-09,0.011505302820715171,0.04558039478067613,0.01943206642502864
2024-12-10,0.0,0.0,0.0
2024-12-11,0.0,0.0,0.0
2024-12-12,0.0,0.0,0.0
2024-12-13,0.0,0.0,0.0
2024-12-16,0.005444747327105863,0.0175700595975143,0.020710523014153645
2024-12-17,0.0,0.0,0.0
2024-12-18,0.0,0.0,0.0
2024-12-19,0.0,0.0,0.0
2024-12-20,0.0,0.0,0.0
2024-12-23,0.005474736626208274,0.037736692767202366,0.007253245604159877
2024-12-24,0.0,0.0,0.0
2024-12-26,0.0,0.0,0.0
2024-12-27,0.0,0.0,0.0
2024-12-30,0.0022727074381222803,0.008485754807682974,0.031547617262270754
2024-12-31,0.002399163816001096,0.014680686111708682,0.002282942075036034
